{
	"textures": {
		"north_east": "minecraft:blocks/iron_bars/north_east",
		"particle": "minecraft:blocks/iron_bars"
	},
	"elements": [
		{
			"from": [7, 0, 2],
			"to": [9, 16, 4],
			"faces": {
				"north": {"uv": [0, 0, 2, 16], "texture": "#north_east"},
				"east": {"uv": [6, 0, 8, 16], "texture": "#north_east"},
				"south": {"uv": [4, 0, 6, 16], "texture": "#north_east"},
				"west": {"uv": [2, 0, 4, 16], "texture": "#north_east"},
				"up": {"uv": [10, 2, 8, 0], "texture": "#north_east"},
				"down": {"uv": [12, 2, 10, 0], "texture": "#north_east"}
			}
		},
		{
			"from": [7, 7, 0],
			"to": [9, 9, 2],
			"faces": {
				"north": {"uv": [9, 10, 11, 12], "texture": "#north_east", "cullface": "north"},
				"east": {"uv": [11, 14, 13, 16], "rotation": 180, "texture": "#north_east"},
				"west": {"uv": [11, 10, 13, 12], "texture": "#north_east"},
				"up": {"uv": [11, 8, 13, 10], "rotation": 90, "texture": "#north_east"},
				"down": {"uv": [11, 12, 13, 14], "rotation": 270, "texture": "#north_east"}
			}
		},
		{
			"from": [7, 2, 4],
			"to": [9, 4, 7],
			"faces": {
				"east": {"uv": [13, 14, 16, 16], "rotation": 180, "texture": "#north_east"},
				"west": {"uv": [13, 10, 16, 12], "texture": "#north_east"},
				"up": {"uv": [13, 8, 16, 10], "rotation": 90, "texture": "#north_east"},
				"down": {"uv": [13, 12, 16, 14], "rotation": 270, "texture": "#north_east"}
			}
		}
	]
}