{
	"textures": {
		"frame": "minecraft:blocks/note_block/frame"
	},
	"elements": [
		{
			"from": [0, 0, 0],
			"to": [1, 16, 0.5],
			"faces": {
				"north": {"uv": [15, 0, 16, 16], "texture": "#frame", "cullface": "north"},
				"east": {"uv": [15.5, 0, 15, 16], "texture": "#frame", "cullface": "north"}
			}
		},
		{
			"from": [15, 0, 0],
			"to": [16, 16, 0.5],
			"faces": {
				"north": {"uv": [0, 0, 1, 16], "texture": "#frame", "cullface": "north"},
				"west": {"uv": [1, 0, 0.5, 16], "texture": "#frame", "cullface": "north"}
			}
		},
		{
			"from": [1, 0, 0],
			"to": [15, 1, 0.5],
			"faces": {
				"north": {"uv": [1, 15, 15, 16], "texture": "#frame", "cullface": "north"},
				"up": {"uv": [1, 15.5, 15, 15], "rotation": 180, "texture": "#frame", "cullface": "north"}
			}
		},
		{
			"from": [1, 15, 0],
			"to": [15, 16, 0.5],
			"faces": {
				"north": {"uv": [1, 0, 15, 1], "texture": "#frame", "cullface": "north"},
				"down": {"uv": [1, 1, 15, 0.5], "rotation": 180, "texture": "#frame", "cullface": "north"}
			}
		},
		{
			"from": [1, 1, 0.5],
			"to": [15, 15, 0.5],
			"faces": {
				"north": {"uv": [1, 1, 15, 15], "texture": "#side", "cullface": "north"}
			}
		}
	],
	"groups": [
		{
			"name": "group",
			"origin": [8, 8, 8],
			"children": [0, 1, 2, 3]
		}, 4
	]
}