{
	"textures": {
		"reed": "minecraft:blocks/sugar_cane/reed",
		"joint": "minecraft:blocks/sugar_cane/joint",
		"leaf_0": "minecraft:blocks/sugar_cane/leaf_2",
		"leaf_1": "minecraft:blocks/sugar_cane/leaf_3",
		"particle": "minecraft:blocks/reeds"
	},
	"elements": [
		{
			"from": [7, 0, 3],
			"to": [9, 16, 5],
			"shade": false,
			"rotation": {"angle": 0, "axis": "y", "origin": [8, 8.8, 4]},
			"faces": {
				"north": {"uv": [6, 0, 8, 16], "texture": "#reed", "tintindex": 0},
				"east": {"uv": [0, 0, 2, 16], "texture": "#reed", "tintindex": 0},
				"south": {"uv": [2, 0, 4, 16], "texture": "#reed", "tintindex": 0},
				"west": {"uv": [0, 0, 2, 16], "texture": "#reed", "tintindex": 0},
				"up": {"uv": [8, 0, 10, 2], "rotation": 270, "texture": "#reed", "cullface": "up", "tintindex": 0},
				"down": {"uv": [8, 14, 10, 16], "rotation": 90, "texture": "#reed", "cullface": "down", "tintindex": 0}
			}
		},
		{
			"from": [6.875, 4.875, 2.875],
			"to": [9.125, 7.125, 5.125],
			"shade": false,
			"rotation": {"angle": 0, "axis": "y", "origin": [8, 8.8, 4]},
			"faces": {
				"north": {"uv": [4, 2, 6, 4], "texture": "#joint", "tintindex": 0},
				"east": {"uv": [2, 2, 4, 4], "texture": "#joint", "tintindex": 0},
				"south": {"uv": [0, 2, 2, 4], "texture": "#joint", "tintindex": 0},
				"west": {"uv": [6, 2, 8, 4], "texture": "#joint", "tintindex": 0},
				"up": {"uv": [2, 0, 4, 2], "rotation": 270, "texture": "#joint", "cullface": "up", "tintindex": 0},
				"down": {"uv": [6, 2, 8, 4], "rotation": 180, "texture": "#joint", "cullface": "down", "tintindex": 0}
			}
		},
		{
			"from": [6.875, 12.875, 2.875],
			"to": [9.125, 15.125, 5.125],
			"shade": false,
			"rotation": {"angle": 0, "axis": "y", "origin": [8, 8.8, 4]},
			"faces": {
				"north": {"uv": [2, 2, 4, 4], "texture": "#joint", "tintindex": 0},
				"east": {"uv": [0, 2, 2, 4], "texture": "#joint", "tintindex": 0},
				"south": {"uv": [6, 2, 8, 4], "texture": "#joint", "tintindex": 0},
				"west": {"uv": [4, 2, 6, 4], "texture": "#joint", "tintindex": 0},
				"up": {"uv": [2, 0, 4, 2], "rotation": 180, "texture": "#joint", "cullface": "up", "tintindex": 0},
				"down": {"uv": [6, 2, 8, 4], "rotation": 270, "texture": "#joint", "cullface": "down", "tintindex": 0}
			}
		},
		{
			"from": [8, 0, 1.625],
			"to": [8, 16, 6.375],
			"shade": false,
			"rotation": {"angle": 45, "axis": "y", "origin": [8, 8.8, 4]},
			"faces": {
				"east": {"uv": [10, 0, 6, 16], "texture": "#leaf_0", "tintindex": 0},
				"west": {"uv": [6, 0, 10, 16], "texture": "#leaf_0", "tintindex": 0}
			}
		},
		{
			"from": [5.625, 0, 4],
			"to": [10.375, 16, 4],
			"shade": false,
			"rotation": {"angle": 45, "axis": "y", "origin": [8, 8.8, 4]},
			"faces": {
				"north": {"uv": [6, 0, 10, 16], "texture": "#leaf_1", "tintindex": 0},
				"south": {"uv": [10, 0, 6, 16], "texture": "#leaf_1", "tintindex": 0}
			}
		}
	]
}