{
	"textures": {
		"reed": "minecraft:blocks/sugar_cane/reed",
		"joint": "minecraft:blocks/sugar_cane/joint",
		"leaf_0": "minecraft:blocks/sugar_cane/leaf_1",
		"leaf_1": "minecraft:blocks/sugar_cane/leaf_2",
		"particle": "minecraft:blocks/reeds"
	},
	"elements": [
		{
			"from": [2, 0, 2],
			"to": [4, 16, 4],
			"rotation": {"angle": 0, "axis": "y", "origin": [3, 8, 3]},
			"shade": false,
			"faces": {
				"north": {"uv": [6, 0, 8, 16], "texture": "#reed", "tintindex": 0},
				"east": {"uv": [0, 0, 2, 16], "texture": "#reed", "tintindex": 0},
				"south": {"uv": [2, 0, 4, 16], "texture": "#reed", "tintindex": 0},
				"west": {"uv": [0, 0, 2, 16], "texture": "#reed", "tintindex": 0},
				"up": {"uv": [8, 0, 10, 2], "rotation": 270, "texture": "#reed", "cullface": "up", "tintindex": 0},
				"down": {"uv": [8, 14, 10, 16], "rotation": 90, "texture": "#reed", "cullface": "down", "tintindex": 0}
			}
		},
		{
			"from": [1.875, 3.875, 1.875],
			"to": [4.125, 6.125, 4.125],
			"rotation": {"angle": 0, "axis": "y", "origin": [10, 4, 10]},
			"shade": false,
			"faces": {
				"north": {"uv": [0, 2, 2, 4], "texture": "#joint", "tintindex": 0},
				"east": {"uv": [6, 2, 8, 4], "texture": "#joint", "tintindex": 0},
				"south": {"uv": [4, 2, 6, 4], "texture": "#joint", "tintindex": 0},
				"west": {"uv": [2, 2, 4, 4], "texture": "#joint", "tintindex": 0},
				"up": {"uv": [2, 0, 4, 2], "rotation": 90, "texture": "#joint", "cullface": "up", "tintindex": 0},
				"down": {"uv": [6, 2, 8, 4], "texture": "#joint", "cullface": "down", "tintindex": 0}
			}
		},
		{
			"from": [1.875, 9.875, 1.875],
			"to": [4.125, 12.125, 4.125],
			"rotation": {"angle": 0, "axis": "y", "origin": [3, 11, 3]},
			"shade": false,
			"faces": {
				"north": {"uv": [6, 2, 8, 4], "texture": "#joint", "tintindex": 0},
				"east": {"uv": [4, 2, 6, 4], "texture": "#joint", "tintindex": 0},
				"south": {"uv": [2, 2, 4, 4], "texture": "#joint", "tintindex": 0},
				"west": {"uv": [0, 2, 2, 4], "texture": "#joint", "tintindex": 0},
				"up": {"uv": [2, 0, 4, 2], "texture": "#joint", "cullface": "up", "tintindex": 0},
				"down": {"uv": [6, 2, 8, 4], "rotation": 90, "texture": "#joint", "cullface": "down", "tintindex": 0}
			}
		},
		{
			"from": [3, 0, 0.625],
			"to": [3, 16, 5.375],
			"rotation": {"angle": 45, "axis": "y", "origin": [3, 8, 3]},
			"shade": false,
			"faces": {
				"east": {"uv": [6, 0, 10, 16], "texture": "#leaf_0", "tintindex": 0},
				"west": {"uv": [10, 0, 6, 16], "texture": "#leaf_0", "tintindex": 0}
			}
		},
		{
			"from": [3, 0, 0.625],
			"to": [3, 16, 5.375],
			"rotation": {"angle": -45, "axis": "y", "origin": [3, 8, 3]},
			"shade": false,
			"faces": {
				"east": {"uv": [6, 0, 10, 16], "texture": "#leaf_1", "tintindex": 0},
				"west": {"uv": [10, 0, 6, 16], "texture": "#leaf_1", "tintindex": 0}
			}
		}
	]
}