{
    "minecraft": {
        "": {}
    },
    "mcp": {
        "": {}
    },
    "FML": {
        "": {}
    },
    "forge": {
        "": {}
    },
    "skinlayers3d": {
        "": {}
    },
    "jei": {
        "": {}
    },
    "appleskin": {
        "": {}
    },
    "falling_tree": {
        "": {}
    },
    "cfm": {
        "": {}
    },
    "gravestone": {
        "": {}
    },
    "ironchest": {
        "": {}
    },
    "journeymap": {
        "": {}
    },
    "mclib": {
        "": {}
    },
    "metamorph": {
        "": {}
    },
    "mutantbeasts": {
        "": {}
    },
    "tlauncher_custom_cape_skin": {
        "": {}
    },
    "torohealthmod": {
        "": {}
    },
    "travelersbackpack": {
        "": {}
    },
    "": {
        "": {}
    }
}