{
	"parent": "minecraft:block/block",
	"textures": {
		"bottom": "minecraft:blocks/cactus/bottom",
		"side": "minecraft:blocks/cactus/side",
		"top": "minecraft:blocks/cactus/top",
		"spikes": "minecraft:blocks/cactus/spikes",
		"particle": "minecraft:blocks/cactus/side"
	},
	"elements": [
		{
			"from": [1, 0, 1],
			"to": [15, 16, 15],
			"faces": {
				"up": {"uv": [1, 1, 15, 15], "texture": "#top", "cullface": "up"},
				"down": {"uv": [1, 1, 15, 15], "texture": "#bottom", "cullface": "down"}
			}
		},
		{
			"from": [3, 0, 1],
			"to": [13, 16, 15],
			"faces": {
				"north": {"uv": [3, 0, 13, 16], "texture": "#side"},
				"south": {"uv": [3, 0, 13, 16], "texture": "#side"}
			}
		},
		{
			"from": [1, 0, 3],
			"to": [15, 16, 13],
			"faces": {
				"east": {"uv": [13, 0, 3, 16], "texture": "#side"},
				"west": {"uv": [13, 0, 3, 16], "texture": "#side"}
			}
		},
		{
			"from": [14, -0.005, 0.17157],
			"to": [15, 16.005, 3],
			"rotation": {"angle": 45, "axis": "y", "origin": [15, 16, 3]},
			"faces": {
				"east": {"uv": [0, 0, 3, 16], "texture": "#side"},
				"up": {"uv": [13, 0, 16, 1], "rotation": 90, "texture": "#top", "cullface": "up"},
				"down": {"uv": [13, 15, 16, 16], "rotation": 270, "texture": "#bottom", "cullface": "down"}
			}
		},
		{
			"from": [14, -0.005, 13],
			"to": [15, 16.005, 15.82843],
			"rotation": {"angle": -45, "axis": "y", "origin": [15, 16, 13]},
			"faces": {
				"east": {"uv": [3, 0, 0, 16], "texture": "#side"},
				"up": {"uv": [13, 15, 16, 16], "rotation": 270, "texture": "#top", "cullface": "up"},
				"down": {"uv": [13, 0, 16, 1], "rotation": 90, "texture": "#bottom", "cullface": "down"}
			}
		},
		{
			"from": [1, -0.005, 13],
			"to": [2, 16.005, 15.82843],
			"rotation": {"angle": 45, "axis": "y", "origin": [1, 16, 13]},
			"faces": {
				"west": {"uv": [0, 0, 3, 16], "texture": "#side"},
				"up": {"uv": [0, 15, 3, 16], "rotation": 90, "texture": "#top", "cullface": "up"},
				"down": {"uv": [0, 0, 3, 1], "rotation": 90, "texture": "#bottom", "cullface": "down"}
			}
		},
		{
			"from": [1, -0.005, 3],
			"to": [3.82843, 16.005, 4],
			"rotation": {"angle": 45, "axis": "y", "origin": [1, 16, 3]},
			"faces": {
				"north": {"uv": [3, 0, 0, 16], "texture": "#side"},
				"up": {"uv": [0, 0, 3, 1], "texture": "#top", "cullface": "up"},
				"down": {"uv": [0, 15, 3, 16], "texture": "#bottom", "cullface": "down"}
			}
		},
		{
			"from": [5, 1, 0],
			"to": [6, 2, 2],
			"rotation": {"angle": 22.5, "axis": "y", "origin": [5.5, 1.5, 1]},
			"faces": {
				"north": {"uv": [2, 2, 3, 3], "texture": "#spikes"},
				"east": {"uv": [0, 2, 2, 3], "texture": "#spikes"},
				"west": {"uv": [3, 2, 5, 3], "texture": "#spikes"},
				"up": {"uv": [2, 0, 3, 2], "rotation": 180, "texture": "#spikes"},
				"down": {"uv": [2, 3, 3, 5], "rotation": 180, "texture": "#spikes"}
			}
		},
		{
			"from": [8, 9, 0],
			"to": [9, 10, 2],
			"rotation": {"angle": 0, "axis": "y", "origin": [5.5, 1.5, 1]},
			"faces": {
				"north": {"uv": [2, 2, 3, 3], "texture": "#spikes"},
				"east": {"uv": [0, 2, 2, 3], "texture": "#spikes"},
				"west": {"uv": [3, 2, 5, 3], "texture": "#spikes"},
				"up": {"uv": [2, 0, 3, 2], "rotation": 180, "texture": "#spikes"},
				"down": {"uv": [2, 3, 3, 5], "rotation": 180, "texture": "#spikes"}
			}
		},
		{
			"from": [10, 14, 0],
			"to": [11, 15, 2],
			"rotation": {"angle": -22.5, "axis": "y", "origin": [10.5, 14.5, 1]},
			"faces": {
				"north": {"uv": [2, 2, 3, 3], "texture": "#spikes"},
				"east": {"uv": [0, 2, 2, 3], "texture": "#spikes"},
				"west": {"uv": [3, 2, 5, 3], "texture": "#spikes"},
				"up": {"uv": [2, 0, 3, 2], "rotation": 180, "texture": "#spikes"},
				"down": {"uv": [2, 3, 3, 5], "rotation": 180, "texture": "#spikes"}
			}
		},
		{
			"from": [5, 12, 0],
			"to": [6, 13, 2],
			"rotation": {"angle": 22.5, "axis": "y", "origin": [5.5, 1.5, 1]},
			"faces": {
				"north": {"uv": [7, 2, 8, 3], "texture": "#spikes"},
				"east": {"uv": [5, 2, 7, 3], "texture": "#spikes"},
				"west": {"uv": [8, 2, 10, 3], "texture": "#spikes"},
				"up": {"uv": [7, 0, 8, 2], "rotation": 180, "texture": "#spikes"},
				"down": {"uv": [7, 3, 8, 5], "rotation": 180, "texture": "#spikes"}
			}
		},
		{
			"from": [10, 5, 0],
			"to": [11, 6, 2],
			"rotation": {"angle": -22.5, "axis": "y", "origin": [10.5, 1.5, 1]},
			"faces": {
				"north": {"uv": [7, 2, 8, 3], "texture": "#spikes"},
				"east": {"uv": [5, 2, 7, 3], "texture": "#spikes"},
				"west": {"uv": [8, 2, 10, 3], "texture": "#spikes"},
				"up": {"uv": [7, 0, 8, 2], "rotation": 180, "texture": "#spikes"},
				"down": {"uv": [7, 3, 8, 5], "rotation": 180, "texture": "#spikes"}
			}
		},
		{
			"from": [14, 5, 5],
			"to": [16, 6, 6],
			"rotation": {"angle": 22.5, "axis": "y", "origin": [15, 1.5, 5.5]},
			"faces": {
				"north": {"uv": [8, 2, 10, 3], "texture": "#spikes"},
				"east": {"uv": [7, 2, 8, 3], "texture": "#spikes"},
				"south": {"uv": [5, 2, 7, 3], "texture": "#spikes"},
				"up": {"uv": [7, 0, 8, 2], "rotation": 270, "texture": "#spikes"},
				"down": {"uv": [7, 3, 8, 5], "rotation": 90, "texture": "#spikes"}
			}
		},
		{
			"from": [14, 12, 10],
			"to": [16, 13, 11],
			"rotation": {"angle": -22.5, "axis": "y", "origin": [15, 1.5, 10.5]},
			"faces": {
				"north": {"uv": [8, 2, 10, 3], "texture": "#spikes"},
				"east": {"uv": [7, 2, 8, 3], "texture": "#spikes"},
				"south": {"uv": [5, 2, 7, 3], "texture": "#spikes"},
				"up": {"uv": [7, 0, 8, 2], "rotation": 270, "texture": "#spikes"},
				"down": {"uv": [7, 3, 8, 5], "rotation": 90, "texture": "#spikes"}
			}
		},
		{
			"from": [14, 14, 5],
			"to": [16, 15, 6],
			"rotation": {"angle": 22.5, "axis": "y", "origin": [15, 1.5, 5.5]},
			"faces": {
				"north": {"uv": [3, 2, 5, 3], "texture": "#spikes"},
				"east": {"uv": [2, 2, 3, 3], "texture": "#spikes"},
				"south": {"uv": [0, 2, 2, 3], "texture": "#spikes"},
				"up": {"uv": [2, 0, 3, 2], "rotation": 270, "texture": "#spikes"},
				"down": {"uv": [2, 3, 3, 5], "rotation": 90, "texture": "#spikes"}
			}
		},
		{
			"from": [14, 9, 7],
			"to": [16, 10, 8],
			"rotation": {"angle": 0, "axis": "y", "origin": [15.5, 1.5, 5]},
			"faces": {
				"north": {"uv": [3, 2, 5, 3], "texture": "#spikes"},
				"east": {"uv": [2, 2, 3, 3], "texture": "#spikes"},
				"south": {"uv": [0, 2, 2, 3], "texture": "#spikes"},
				"up": {"uv": [2, 0, 3, 2], "rotation": 270, "texture": "#spikes"},
				"down": {"uv": [2, 3, 3, 5], "rotation": 90, "texture": "#spikes"}
			}
		},
		{
			"from": [14, 1, 10],
			"to": [16, 2, 11],
			"rotation": {"angle": -22.5, "axis": "y", "origin": [15, 1.5, 10.5]},
			"faces": {
				"north": {"uv": [3, 2, 5, 3], "texture": "#spikes"},
				"east": {"uv": [2, 2, 3, 3], "texture": "#spikes"},
				"south": {"uv": [0, 2, 2, 3], "texture": "#spikes"},
				"up": {"uv": [2, 0, 3, 2], "rotation": 270, "texture": "#spikes"},
				"down": {"uv": [2, 3, 3, 5], "rotation": 90, "texture": "#spikes"}
			}
		},
		{
			"from": [13.5, 13, 1],
			"to": [14.5, 14, 3],
			"rotation": {"angle": -45, "axis": "y", "origin": [14, 1.5, 2]},
			"faces": {
				"north": {"uv": [7, 2, 8, 3], "texture": "#spikes"},
				"east": {"uv": [5, 2, 7, 3], "texture": "#spikes"},
				"west": {"uv": [8, 2, 10, 3], "texture": "#spikes"},
				"up": {"uv": [7, 0, 8, 2], "rotation": 180, "texture": "#spikes"},
				"down": {"uv": [7, 3, 8, 5], "rotation": 180, "texture": "#spikes"}
			}
		},
		{
			"from": [13.5, 3, 1],
			"to": [14.5, 4, 3],
			"rotation": {"angle": -45, "axis": "y", "origin": [14, 1.5, 2]},
			"faces": {
				"north": {"uv": [7, 2, 8, 3], "texture": "#spikes"},
				"east": {"uv": [5, 2, 7, 3], "texture": "#spikes"},
				"west": {"uv": [8, 2, 10, 3], "texture": "#spikes"},
				"up": {"uv": [7, 0, 8, 2], "rotation": 180, "texture": "#spikes"},
				"down": {"uv": [7, 3, 8, 5], "rotation": 180, "texture": "#spikes"}
			}
		},
		{
			"from": [1.5, 14, 1],
			"to": [2.5, 15, 3],
			"rotation": {"angle": 45, "axis": "y", "origin": [2, 1.5, 2]},
			"faces": {
				"north": {"uv": [2, 2, 3, 3], "texture": "#spikes"},
				"east": {"uv": [0, 2, 2, 3], "texture": "#spikes"},
				"west": {"uv": [3, 2, 5, 3], "texture": "#spikes"},
				"up": {"uv": [2, 0, 3, 2], "rotation": 180, "texture": "#spikes"},
				"down": {"uv": [2, 3, 3, 5], "rotation": 180, "texture": "#spikes"}
			}
		},
		{
			"from": [1.5, 10, 1],
			"to": [2.5, 11, 3],
			"rotation": {"angle": 45, "axis": "y", "origin": [2, 1.5, 2]},
			"faces": {
				"north": {"uv": [2, 2, 3, 3], "texture": "#spikes"},
				"east": {"uv": [0, 2, 2, 3], "texture": "#spikes"},
				"west": {"uv": [3, 2, 5, 3], "texture": "#spikes"},
				"up": {"uv": [2, 0, 3, 2], "rotation": 180, "texture": "#spikes"},
				"down": {"uv": [2, 3, 3, 5], "rotation": 180, "texture": "#spikes"}
			}
		},
		{
			"from": [1.5, 5, 1],
			"to": [2.5, 6, 3],
			"rotation": {"angle": 45, "axis": "y", "origin": [2, 1.5, 2]},
			"faces": {
				"north": {"uv": [7, 2, 8, 3], "texture": "#spikes"},
				"east": {"uv": [5, 2, 7, 3], "texture": "#spikes"},
				"west": {"uv": [8, 2, 10, 3], "texture": "#spikes"},
				"up": {"uv": [7, 0, 8, 2], "rotation": 180, "texture": "#spikes"},
				"down": {"uv": [7, 3, 8, 5], "rotation": 180, "texture": "#spikes"}
			}
		},
		{
			"from": [10, 1, 14],
			"to": [11, 2, 16],
			"rotation": {"angle": 22.5, "axis": "y", "origin": [10.5, 1.5, 15]},
			"faces": {
				"east": {"uv": [3, 2, 5, 3], "texture": "#spikes"},
				"south": {"uv": [2, 2, 3, 3], "texture": "#spikes"},
				"west": {"uv": [0, 2, 2, 3], "texture": "#spikes"},
				"up": {"uv": [2, 0, 3, 2], "texture": "#spikes"},
				"down": {"uv": [2, 3, 3, 5], "texture": "#spikes"}
			}
		},
		{
			"from": [7, 9, 14],
			"to": [8, 10, 16],
			"rotation": {"angle": 0, "axis": "y", "origin": [10.5, 1.5, 15]},
			"faces": {
				"east": {"uv": [3, 2, 5, 3], "texture": "#spikes"},
				"south": {"uv": [2, 2, 3, 3], "texture": "#spikes"},
				"west": {"uv": [0, 2, 2, 3], "texture": "#spikes"},
				"up": {"uv": [2, 0, 3, 2], "texture": "#spikes"},
				"down": {"uv": [2, 3, 3, 5], "texture": "#spikes"}
			}
		},
		{
			"from": [5, 14, 14],
			"to": [6, 15, 16],
			"rotation": {"angle": -22.5, "axis": "y", "origin": [5.5, 14.5, 15]},
			"faces": {
				"east": {"uv": [3, 2, 5, 3], "texture": "#spikes"},
				"south": {"uv": [2, 2, 3, 3], "texture": "#spikes"},
				"west": {"uv": [0, 2, 2, 3], "texture": "#spikes"},
				"up": {"uv": [2, 0, 3, 2], "texture": "#spikes"},
				"down": {"uv": [2, 3, 3, 5], "texture": "#spikes"}
			}
		},
		{
			"from": [10, 12, 14],
			"to": [11, 13, 16],
			"rotation": {"angle": 22.5, "axis": "y", "origin": [10.5, 1.5, 15]},
			"faces": {
				"east": {"uv": [8, 2, 10, 3], "texture": "#spikes"},
				"south": {"uv": [7, 2, 8, 3], "texture": "#spikes"},
				"west": {"uv": [5, 2, 7, 3], "texture": "#spikes"},
				"up": {"uv": [7, 0, 8, 2], "texture": "#spikes"},
				"down": {"uv": [7, 3, 8, 5], "texture": "#spikes"}
			}
		},
		{
			"from": [5, 5, 14],
			"to": [6, 6, 16],
			"rotation": {"angle": -22.5, "axis": "y", "origin": [5.5, 1.5, 15]},
			"faces": {
				"east": {"uv": [8, 2, 10, 3], "texture": "#spikes"},
				"south": {"uv": [7, 2, 8, 3], "texture": "#spikes"},
				"west": {"uv": [5, 2, 7, 3], "texture": "#spikes"},
				"up": {"uv": [7, 0, 8, 2], "texture": "#spikes"},
				"down": {"uv": [7, 3, 8, 5], "texture": "#spikes"}
			}
		},
		{
			"from": [0, 5, 10],
			"to": [2, 6, 11],
			"rotation": {"angle": 22.5, "axis": "y", "origin": [1, 1.5, 10.5]},
			"faces": {
				"north": {"uv": [5, 2, 7, 3], "texture": "#spikes"},
				"south": {"uv": [8, 2, 10, 3], "texture": "#spikes"},
				"west": {"uv": [7, 2, 8, 3], "texture": "#spikes"},
				"up": {"uv": [7, 0, 8, 2], "rotation": 90, "texture": "#spikes"},
				"down": {"uv": [7, 3, 8, 5], "rotation": 270, "texture": "#spikes"}
			}
		},
		{
			"from": [0, 12, 5],
			"to": [2, 13, 6],
			"rotation": {"angle": -22.5, "axis": "y", "origin": [1, 1.5, 5.5]},
			"faces": {
				"north": {"uv": [5, 2, 7, 3], "texture": "#spikes"},
				"south": {"uv": [8, 2, 10, 3], "texture": "#spikes"},
				"west": {"uv": [7, 2, 8, 3], "texture": "#spikes"},
				"up": {"uv": [7, 0, 8, 2], "rotation": 90, "texture": "#spikes"},
				"down": {"uv": [7, 3, 8, 5], "rotation": 270, "texture": "#spikes"}
			}
		},
		{
			"from": [0, 14, 10],
			"to": [2, 15, 11],
			"rotation": {"angle": 22.5, "axis": "y", "origin": [1, 1.5, 10.5]},
			"faces": {
				"north": {"uv": [0, 2, 2, 3], "texture": "#spikes"},
				"south": {"uv": [3, 2, 5, 3], "texture": "#spikes"},
				"west": {"uv": [2, 2, 3, 3], "texture": "#spikes"},
				"up": {"uv": [2, 0, 3, 2], "rotation": 90, "texture": "#spikes"},
				"down": {"uv": [2, 3, 3, 5], "rotation": 270, "texture": "#spikes"}
			}
		},
		{
			"from": [0, 9, 8],
			"to": [2, 10, 9],
			"rotation": {"angle": 0, "axis": "y", "origin": [0.5, 1.5, 11]},
			"faces": {
				"north": {"uv": [0, 2, 2, 3], "texture": "#spikes"},
				"south": {"uv": [3, 2, 5, 3], "texture": "#spikes"},
				"west": {"uv": [2, 2, 3, 3], "texture": "#spikes"},
				"up": {"uv": [2, 0, 3, 2], "rotation": 90, "texture": "#spikes"},
				"down": {"uv": [2, 3, 3, 5], "rotation": 270, "texture": "#spikes"}
			}
		},
		{
			"from": [0, 1, 5],
			"to": [2, 2, 6],
			"rotation": {"angle": -22.5, "axis": "y", "origin": [1, 1.5, 5.5]},
			"faces": {
				"north": {"uv": [0, 2, 2, 3], "texture": "#spikes"},
				"south": {"uv": [3, 2, 5, 3], "texture": "#spikes"},
				"west": {"uv": [2, 2, 3, 3], "texture": "#spikes"},
				"up": {"uv": [2, 0, 3, 2], "rotation": 90, "texture": "#spikes"},
				"down": {"uv": [2, 3, 3, 5], "rotation": 270, "texture": "#spikes"}
			}
		},
		{
			"from": [1.5, 13, 13],
			"to": [2.5, 14, 15],
			"rotation": {"angle": -45, "axis": "y", "origin": [2, 1.5, 14]},
			"faces": {
				"east": {"uv": [8, 2, 10, 3], "texture": "#spikes"},
				"south": {"uv": [7, 2, 8, 3], "texture": "#spikes"},
				"west": {"uv": [5, 2, 7, 3], "texture": "#spikes"},
				"up": {"uv": [7, 0, 8, 2], "texture": "#spikes"},
				"down": {"uv": [7, 3, 8, 5], "texture": "#spikes"}
			}
		},
		{
			"from": [1.5, 3, 13],
			"to": [2.5, 4, 15],
			"rotation": {"angle": -45, "axis": "y", "origin": [2, 1.5, 14]},
			"faces": {
				"east": {"uv": [8, 2, 10, 3], "texture": "#spikes"},
				"south": {"uv": [7, 2, 8, 3], "texture": "#spikes"},
				"west": {"uv": [5, 2, 7, 3], "texture": "#spikes"},
				"up": {"uv": [7, 0, 8, 2], "texture": "#spikes"},
				"down": {"uv": [7, 3, 8, 5], "texture": "#spikes"}
			}
		},
		{
			"from": [13.5, 14, 13],
			"to": [14.5, 15, 15],
			"rotation": {"angle": 45, "axis": "y", "origin": [14, 1.5, 14]},
			"faces": {
				"east": {"uv": [3, 2, 5, 3], "texture": "#spikes"},
				"south": {"uv": [2, 2, 3, 3], "texture": "#spikes"},
				"west": {"uv": [0, 2, 2, 3], "texture": "#spikes"},
				"up": {"uv": [2, 0, 3, 2], "texture": "#spikes"},
				"down": {"uv": [2, 3, 3, 5], "texture": "#spikes"}
			}
		},
		{
			"from": [13.5, 10, 13],
			"to": [14.5, 11, 15],
			"rotation": {"angle": 45, "axis": "y", "origin": [14, 1.5, 14]},
			"faces": {
				"east": {"uv": [3, 2, 5, 3], "texture": "#spikes"},
				"south": {"uv": [2, 2, 3, 3], "texture": "#spikes"},
				"west": {"uv": [0, 2, 2, 3], "texture": "#spikes"},
				"up": {"uv": [2, 0, 3, 2], "texture": "#spikes"},
				"down": {"uv": [2, 3, 3, 5], "texture": "#spikes"}
			}
		},
		{
			"from": [13.5, 5, 13],
			"to": [14.5, 6, 15],
			"rotation": {"angle": 45, "axis": "y", "origin": [14, 1.5, 14]},
			"faces": {
				"east": {"uv": [8, 2, 10, 3], "texture": "#spikes"},
				"south": {"uv": [7, 2, 8, 3], "texture": "#spikes"},
				"west": {"uv": [5, 2, 7, 3], "texture": "#spikes"},
				"up": {"uv": [7, 0, 8, 2], "texture": "#spikes"},
				"down": {"uv": [7, 3, 8, 5], "texture": "#spikes"}
			}
		},
		{
			"from": [7, 15, 4],
			"to": [8, 17, 5],
			"rotation": {"angle": -22.5, "axis": "x", "origin": [7.5, 16, 4.5]},
			"faces": {
				"north": {"uv": [2, 0, 3, 2], "rotation": 180, "texture": "#spikes", "cullface": "up"},
				"east": {"uv": [3, 2, 5, 3], "rotation": 90, "texture": "#spikes", "cullface": "up"},
				"south": {"uv": [2, 3, 3, 5], "texture": "#spikes", "cullface": "up"},
				"west": {"uv": [0, 2, 2, 3], "rotation": 270, "texture": "#spikes", "cullface": "up"},
				"up": {"uv": [2, 2, 3, 3], "texture": "#spikes", "cullface": "up"}
			}
		},
		{
			"from": [5, 15, 8],
			"to": [6, 17, 9],
			"rotation": {"angle": 22.5, "axis": "z", "origin": [5.5, 16, 4.5]},
			"faces": {
				"north": {"uv": [2, 0, 3, 2], "rotation": 180, "texture": "#spikes", "cullface": "up"},
				"east": {"uv": [3, 2, 5, 3], "rotation": 90, "texture": "#spikes", "cullface": "up"},
				"south": {"uv": [2, 3, 3, 5], "texture": "#spikes", "cullface": "up"},
				"west": {"uv": [0, 2, 2, 3], "rotation": 270, "texture": "#spikes", "cullface": "up"},
				"up": {"uv": [2, 2, 3, 3], "texture": "#spikes", "cullface": "up"}
			}
		},
		{
			"from": [9, 15, 9],
			"to": [10, 17, 10],
			"rotation": {"angle": -22.5, "axis": "z", "origin": [9.5, 16, 4.5]},
			"faces": {
				"north": {"uv": [2, 0, 3, 2], "rotation": 180, "texture": "#spikes", "cullface": "up"},
				"east": {"uv": [3, 2, 5, 3], "rotation": 90, "texture": "#spikes", "cullface": "up"},
				"south": {"uv": [2, 3, 3, 5], "texture": "#spikes", "cullface": "up"},
				"west": {"uv": [0, 2, 2, 3], "rotation": 270, "texture": "#spikes", "cullface": "up"},
				"up": {"uv": [2, 2, 3, 3], "texture": "#spikes", "cullface": "up"}
			}
		},
		{
			"from": [12, 15, 9],
			"to": [13, 17, 10],
			"rotation": {"angle": -22.5, "axis": "z", "origin": [12.5, 16, 4.5]},
			"faces": {
				"north": {"uv": [7, 0, 8, 2], "rotation": 180, "texture": "#spikes", "cullface": "up"},
				"east": {"uv": [8, 2, 10, 3], "rotation": 90, "texture": "#spikes", "cullface": "up"},
				"south": {"uv": [7, 3, 8, 5], "texture": "#spikes", "cullface": "up"},
				"west": {"uv": [5, 2, 7, 3], "rotation": 270, "texture": "#spikes", "cullface": "up"},
				"up": {"uv": [7, 2, 8, 3], "texture": "#spikes", "cullface": "up"}
			}
		},
		{
			"from": [12, 15, 12],
			"to": [13, 17, 13],
			"rotation": {"angle": 22.5, "axis": "x", "origin": [12.5, 16, 12.5]},
			"faces": {
				"north": {"uv": [7, 0, 8, 2], "rotation": 180, "texture": "#spikes", "cullface": "up"},
				"east": {"uv": [8, 2, 10, 3], "rotation": 90, "texture": "#spikes", "cullface": "up"},
				"south": {"uv": [7, 3, 8, 5], "texture": "#spikes", "cullface": "up"},
				"west": {"uv": [5, 2, 7, 3], "rotation": 270, "texture": "#spikes", "cullface": "up"},
				"up": {"uv": [7, 2, 8, 3], "texture": "#spikes", "cullface": "up"}
			}
		},
		{
			"from": [6, 15, 12],
			"to": [7, 17, 13],
			"rotation": {"angle": 22.5, "axis": "x", "origin": [12.5, 16, 12.5]},
			"faces": {
				"north": {"uv": [7, 0, 8, 2], "rotation": 180, "texture": "#spikes", "cullface": "up"},
				"east": {"uv": [8, 2, 10, 3], "rotation": 90, "texture": "#spikes", "cullface": "up"},
				"south": {"uv": [7, 3, 8, 5], "texture": "#spikes", "cullface": "up"},
				"west": {"uv": [5, 2, 7, 3], "rotation": 270, "texture": "#spikes", "cullface": "up"},
				"up": {"uv": [7, 2, 8, 3], "texture": "#spikes", "cullface": "up"}
			}
		},
		{
			"from": [4, 15, 3],
			"to": [5, 17, 4],
			"rotation": {"angle": -22.5, "axis": "x", "origin": [4.5, 16, 3.5]},
			"faces": {
				"north": {"uv": [7, 0, 8, 2], "rotation": 180, "texture": "#spikes", "cullface": "up"},
				"east": {"uv": [8, 2, 10, 3], "rotation": 90, "texture": "#spikes", "cullface": "up"},
				"south": {"uv": [7, 3, 8, 5], "texture": "#spikes", "cullface": "up"},
				"west": {"uv": [5, 2, 7, 3], "rotation": 270, "texture": "#spikes", "cullface": "up"},
				"up": {"uv": [7, 2, 8, 3], "texture": "#spikes", "cullface": "up"}
			}
		},
		{
			"from": [2, 15, 6],
			"to": [3, 17, 7],
			"rotation": {"angle": 22.5, "axis": "z", "origin": [2.5, 16, 6.5]},
			"faces": {
				"north": {"uv": [7, 0, 8, 2], "rotation": 180, "texture": "#spikes", "cullface": "up"},
				"east": {"uv": [8, 2, 10, 3], "rotation": 90, "texture": "#spikes", "cullface": "up"},
				"south": {"uv": [7, 3, 8, 5], "texture": "#spikes", "cullface": "up"},
				"west": {"uv": [5, 2, 7, 3], "rotation": 270, "texture": "#spikes", "cullface": "up"},
				"up": {"uv": [7, 2, 8, 3], "texture": "#spikes", "cullface": "up"}
			}
		},
		{
			"from": [10, 15, 5],
			"to": [11, 17, 6],
			"rotation": {"angle": -22.5, "axis": "z", "origin": [10.5, 16, 4.5]},
			"faces": {
				"north": {"uv": [2, 0, 3, 2], "rotation": 180, "texture": "#spikes", "cullface": "up"},
				"east": {"uv": [3, 2, 5, 3], "rotation": 90, "texture": "#spikes", "cullface": "up"},
				"south": {"uv": [2, 3, 3, 5], "texture": "#spikes", "cullface": "up"},
				"west": {"uv": [0, 2, 2, 3], "rotation": 270, "texture": "#spikes", "cullface": "up"},
				"up": {"uv": [2, 2, 3, 3], "texture": "#spikes", "cullface": "up"}
			}
		},
		{
			"from": [8, 14.75, 0.5],
			"to": [9, 16.75, 1.5],
			"rotation": {"angle": -45, "axis": "x", "origin": [7.5, 16, 1]},
			"faces": {
				"north": {"uv": [7, 0, 8, 2], "rotation": 180, "texture": "#spikes", "cullface": "up"},
				"east": {"uv": [8, 2, 10, 3], "rotation": 90, "texture": "#spikes", "cullface": "up"},
				"south": {"uv": [7, 3, 8, 5], "texture": "#spikes", "cullface": "up"},
				"west": {"uv": [5, 2, 7, 3], "rotation": 270, "texture": "#spikes", "cullface": "up"},
				"up": {"uv": [7, 2, 8, 3], "texture": "#spikes", "cullface": "up"}
			}
		}
	],
	"groups": [
		{
			"name": "group",
			"origin": [8, 8, 8],
			"children": [0, 1, 2, 3, 4, 5, 6]
		},
		{
			"name": "group",
			"origin": [15, 1.5, 10.5],
			"children": [7, 8, 9, 10, 11, 12, 13, 14, 15, 16, 17, 18, 19, 20, 21]
		},
		{
			"name": "group",
			"origin": [15, 1.5, 10.5],
			"children": [22, 23, 24, 25, 26, 27, 28, 29, 30, 31, 32, 33, 34, 35, 36]
		},
		{
			"name": "group",
			"origin": [8, 8, 8],
			"children": [37, 38, 39, 40, 41, 42, 43, 44, 45, 46]
		}
	]
}