{
	"parent": "minecraft:item/generic_tool_display",
	"textures": {
		"chain": "minecraft:blocks/misc/chain",
		"particle": "minecraft:blocks/chain"
	},
	"elements": [
		{
			"from": [6.5, 0, 7.5],
			"to": [7.5, 2, 8.5],
			"rotation": {"angle": -45, "axis": "y", "origin": [8, 8, 8]},
			"faces": {
				"north": {"uv": [1.5, 7, 2, 8], "texture": "#chain"},
				"east": {"uv": [4, 7, 4.5, 8], "texture": "#chain"},
				"south": {"uv": [2.5, 7, 3, 8], "texture": "#chain"},
				"west": {"uv": [2, 7, 2.5, 8], "texture": "#chain"},
				"up": {"uv": [1.5, 6, 2, 6.5], "rotation": 180, "texture": "#chain"},
				"down": {"uv": [2.5, 6.5, 3, 7], "rotation": 90, "texture": "#chain", "cullface": "down"}
			}
		},
		{
			"from": [8.5, 0, 7.5],
			"to": [9.5, 2, 8.5],
			"rotation": {"angle": -45, "axis": "y", "origin": [8, 8, 8]},
			"faces": {
				"north": {"uv": [0.5, 7, 1, 8], "texture": "#chain"},
				"east": {"uv": [0, 7, 0.5, 8], "texture": "#chain"},
				"south": {"uv": [3.5, 7, 4, 8], "texture": "#chain"},
				"west": {"uv": [5, 7, 5.5, 8], "texture": "#chain"},
				"up": {"uv": [0.5, 6.5, 1, 7], "rotation": 180, "texture": "#chain"},
				"down": {"uv": [3.5, 6.5, 4, 7], "rotation": 270, "texture": "#chain", "cullface": "down"}
			}
		},
		{
			"from": [7.5, 1, 7.5],
			"to": [8.5, 2, 8.5],
			"rotation": {"angle": -45, "axis": "y", "origin": [8, 8, 8]},
			"faces": {
				"up": {"uv": [1, 6, 1.5, 6.5], "rotation": 180, "texture": "#chain"},
				"down": {"uv": [1, 6, 1.5, 6.5], "rotation": 270, "texture": "#chain"}
			}
		},
		{
			"from": [7.5, 3, 7.5],
			"to": [8.5, 4, 8.5],
			"rotation": {"angle": -45, "axis": "y", "origin": [8, 8, 8]},
			"faces": {
				"up": {"uv": [1, 4, 1.5, 4.5], "rotation": 90, "texture": "#chain"},
				"down": {"uv": [9, 8.5, 9.5, 9], "rotation": 180, "texture": "#chain"}
			}
		},
		{
			"from": [7.5, 1, 6.5],
			"to": [8.5, 4, 7.5],
			"rotation": {"angle": -45, "axis": "y", "origin": [8, 8, 8]},
			"faces": {
				"north": {"uv": [0, 4.5, 0.5, 6], "texture": "#chain"},
				"east": {"uv": [3.5, 4.5, 4, 6], "texture": "#chain"},
				"south": {"uv": [4, 4.5, 4.5, 6], "texture": "#chain"},
				"west": {"uv": [0.5, 4.5, 1, 6], "texture": "#chain"},
				"up": {"uv": [0.5, 4, 1, 4.5], "rotation": 90, "texture": "#chain"},
				"down": {"uv": [0.5, 6, 1, 6.5], "rotation": 270, "texture": "#chain"}
			}
		},
		{
			"from": [7.5, 1, 8.5],
			"to": [8.5, 4, 9.5],
			"rotation": {"angle": -45, "axis": "y", "origin": [8, 8, 8]},
			"faces": {
				"north": {"uv": [5, 4.5, 5.5, 6], "texture": "#chain"},
				"east": {"uv": [2.5, 4.5, 3, 6], "texture": "#chain"},
				"south": {"uv": [2, 4.5, 2.5, 6], "texture": "#chain"},
				"west": {"uv": [1.5, 4.5, 2, 6], "texture": "#chain"},
				"up": {"uv": [1.5, 4, 2, 4.5], "rotation": 90, "texture": "#chain"},
				"down": {"uv": [1.5, 6, 2, 6.5], "rotation": 270, "texture": "#chain"}
			}
		},
		{
			"from": [8.5, 3, 7.5],
			"to": [9.5, 7, 8.5],
			"rotation": {"angle": -45, "axis": "y", "origin": [8, 8, 8]},
			"faces": {
				"north": {"uv": [8.5, 6.5, 9, 8.5], "texture": "#chain"},
				"east": {"uv": [8, 6.5, 8.5, 8.5], "texture": "#chain"},
				"south": {"uv": [11.5, 6.5, 12, 8.5], "texture": "#chain"},
				"west": {"uv": [12, 6.5, 12.5, 8.5], "texture": "#chain"},
				"up": {"uv": [8.5, 6, 9, 6.5], "rotation": 180, "texture": "#chain"},
				"down": {"uv": [8.5, 8.5, 9, 9], "rotation": 180, "texture": "#chain"}
			}
		},
		{
			"from": [6.5, 3, 7.5],
			"to": [7.5, 7, 8.5],
			"rotation": {"angle": -45, "axis": "y", "origin": [8, 8, 8]},
			"faces": {
				"north": {"uv": [9.5, 6.5, 10, 8.5], "texture": "#chain"},
				"east": {"uv": [13, 6.5, 13.5, 8.5], "texture": "#chain"},
				"south": {"uv": [10.5, 6.5, 11, 8.5], "texture": "#chain"},
				"west": {"uv": [10, 6.5, 10.5, 8.5], "texture": "#chain"},
				"up": {"uv": [9.5, 6, 10, 6.5], "rotation": 180, "texture": "#chain"},
				"down": {"uv": [9.5, 8.5, 10, 9], "rotation": 180, "texture": "#chain"}
			}
		},
		{
			"from": [7.5, 6, 7.5],
			"to": [8.5, 7, 8.5],
			"rotation": {"angle": -45, "axis": "y", "origin": [8, 8, 8]},
			"faces": {
				"up": {"uv": [9, 6, 9.5, 6.5], "rotation": 180, "texture": "#chain"},
				"down": {"uv": [9, 5.5, 9.5, 6], "rotation": 270, "texture": "#chain"}
			}
		},
		{
			"from": [7.5, 9, 7.5],
			"to": [8.5, 10, 8.5],
			"rotation": {"angle": -45, "axis": "y", "origin": [8, 8, 8]},
			"faces": {
				"up": {"uv": [9, 3, 9.5, 3.5], "rotation": 90, "texture": "#chain"},
				"down": {"uv": [9, 2.5, 9.5, 3], "rotation": 180, "texture": "#chain"}
			}
		},
		{
			"from": [7.5, 6, 6.5],
			"to": [8.5, 10, 7.5],
			"rotation": {"angle": -45, "axis": "y", "origin": [8, 8, 8]},
			"faces": {
				"north": {"uv": [8, 3.5, 8.5, 5.5], "texture": "#chain"},
				"east": {"uv": [11.5, 3.5, 12, 5.5], "texture": "#chain"},
				"south": {"uv": [12, 3.5, 12.5, 5.5], "texture": "#chain"},
				"west": {"uv": [8.5, 3.5, 9, 5.5], "texture": "#chain"},
				"up": {"uv": [8.5, 3, 9, 3.5], "rotation": 90, "texture": "#chain"},
				"down": {"uv": [8.5, 5.5, 9, 6], "rotation": 270, "texture": "#chain"}
			}
		},
		{
			"from": [7.5, 6, 8.5],
			"to": [8.5, 10, 9.5],
			"rotation": {"angle": -45, "axis": "y", "origin": [8, 8, 8]},
			"faces": {
				"north": {"uv": [13, 3.5, 13.5, 5.5], "texture": "#chain"},
				"east": {"uv": [10.5, 3.5, 11, 5.5], "texture": "#chain"},
				"south": {"uv": [10, 3.5, 10.5, 5.5], "texture": "#chain"},
				"west": {"uv": [9.5, 3.5, 10, 5.5], "texture": "#chain"},
				"up": {"uv": [9.5, 3, 10, 3.5], "rotation": 90, "texture": "#chain"},
				"down": {"uv": [9.5, 5.5, 10, 6], "rotation": 270, "texture": "#chain"}
			}
		},
		{
			"from": [8.5, 9, 7.5],
			"to": [9.5, 13, 8.5],
			"rotation": {"angle": -45, "axis": "y", "origin": [8, 8, 8]},
			"faces": {
				"north": {"uv": [8.5, 0.5, 9, 2.5], "texture": "#chain"},
				"east": {"uv": [8, 0.5, 8.5, 2.5], "texture": "#chain"},
				"south": {"uv": [11.5, 0.5, 12, 2.5], "texture": "#chain"},
				"west": {"uv": [12, 0.5, 12.5, 2.5], "texture": "#chain"},
				"up": {"uv": [8.5, 0, 9, 0.5], "rotation": 180, "texture": "#chain"},
				"down": {"uv": [8.5, 2.5, 9, 3], "rotation": 180, "texture": "#chain"}
			}
		},
		{
			"from": [6.5, 9, 7.5],
			"to": [7.5, 13, 8.5],
			"rotation": {"angle": -45, "axis": "y", "origin": [8, 8, 8]},
			"faces": {
				"north": {"uv": [9.5, 0.5, 10, 2.5], "texture": "#chain"},
				"east": {"uv": [13, 0.5, 13.5, 2.5], "texture": "#chain"},
				"south": {"uv": [10.5, 0.5, 11, 2.5], "texture": "#chain"},
				"west": {"uv": [10, 0.5, 10.5, 2.5], "texture": "#chain"},
				"up": {"uv": [9.5, 0, 10, 0.5], "rotation": 180, "texture": "#chain"},
				"down": {"uv": [9.5, 2.5, 10, 3], "rotation": 180, "texture": "#chain"}
			}
		},
		{
			"from": [7.5, 12, 7.5],
			"to": [8.5, 13, 8.5],
			"rotation": {"angle": -45, "axis": "y", "origin": [8, 8, 8]},
			"faces": {
				"up": {"uv": [9, 0, 9.5, 0.5], "rotation": 180, "texture": "#chain"},
				"down": {"uv": [1, 3.5, 1.5, 4], "rotation": 270, "texture": "#chain"}
			}
		},
		{
			"from": [7.5, 14, 7.5],
			"to": [8.5, 15, 8.5],
			"rotation": {"angle": -45, "axis": "y", "origin": [8, 8, 8]},
			"faces": {
				"up": {"uv": [1, 1.5, 1.5, 2], "rotation": 90, "texture": "#chain"},
				"down": {"uv": [1, 1, 1.5, 1.5], "rotation": 180, "texture": "#chain"}
			}
		},
		{
			"from": [7.5, 12, 6.5],
			"to": [8.5, 15, 7.5],
			"rotation": {"angle": -45, "axis": "y", "origin": [8, 8, 8]},
			"faces": {
				"north": {"uv": [0, 2, 0.5, 3.5], "texture": "#chain"},
				"east": {"uv": [3.5, 2, 4, 3.5], "texture": "#chain"},
				"south": {"uv": [4, 4.5, 4.5, 6], "texture": "#chain"},
				"west": {"uv": [0.5, 2, 1, 3.5], "texture": "#chain"},
				"up": {"uv": [0.5, 1.5, 1, 2], "rotation": 90, "texture": "#chain"},
				"down": {"uv": [0.5, 3.5, 1, 4], "rotation": 270, "texture": "#chain"}
			}
		},
		{
			"from": [7.5, 12, 8.5],
			"to": [8.5, 15, 9.5],
			"rotation": {"angle": -45, "axis": "y", "origin": [8, 8, 8]},
			"faces": {
				"north": {"uv": [5, 4.5, 5.5, 6], "texture": "#chain"},
				"east": {"uv": [2.5, 2, 3, 3.5], "texture": "#chain"},
				"south": {"uv": [2, 2, 2.5, 3.5], "texture": "#chain"},
				"west": {"uv": [1.5, 2, 2, 3.5], "texture": "#chain"},
				"up": {"uv": [1.5, 1.5, 2, 2], "rotation": 90, "texture": "#chain"},
				"down": {"uv": [1.5, 3.5, 2, 4], "rotation": 270, "texture": "#chain"}
			}
		},
		{
			"from": [6.5, 14, 7.5],
			"to": [7.5, 16, 8.5],
			"rotation": {"angle": -45, "axis": "y", "origin": [8, 8, 8]},
			"faces": {
				"north": {"uv": [1.5, 0, 2, 1], "texture": "#chain"},
				"east": {"uv": [4, 0, 4.5, 1], "texture": "#chain"},
				"south": {"uv": [2.5, 0, 3, 1], "texture": "#chain"},
				"west": {"uv": [2, 0, 2.5, 1], "texture": "#chain"},
				"up": {"uv": [2.5, 1, 3, 1.5], "texture": "#chain", "cullface": "up"},
				"down": {"uv": [1.5, 1, 2, 1.5], "rotation": 180, "texture": "#chain"}
			}
		},
		{
			"from": [8.5, 14, 7.5],
			"to": [9.5, 16, 8.5],
			"rotation": {"angle": -45, "axis": "y", "origin": [8, 8, 8]},
			"faces": {
				"north": {"uv": [0.5, 0, 1, 1], "texture": "#chain"},
				"east": {"uv": [0, 0, 0.5, 1], "texture": "#chain"},
				"south": {"uv": [3.5, 0, 4, 1], "texture": "#chain"},
				"west": {"uv": [5, 0, 5.5, 1], "texture": "#chain"},
				"up": {"uv": [3.5, 1, 4, 1.5], "texture": "#chain", "cullface": "up"},
				"down": {"uv": [0.5, 1, 1, 1.5], "rotation": 180, "texture": "#chain"}
			}
		}
	],
	"gui_light": "front",
	"display": {
		"ground": {
			"translation": [0, 2, 0],
			"scale": [0.5, 0.5, 0.5]
		},
		"gui": {
			"rotation": [0, 45, 0]
		},
		"head": {
			"translation": [0, 14, 6]
		},
		"fixed": {
			"rotation": [0, 45, 0],
			"translation": [0, 0, 1]
		}
	},
	"groups": [
		{
			"name": "group",
			"origin": [8, 8, 8],
			"children": [0, 1]
		},
		{
			"name": "group",
			"origin": [8, 8, 8],
			"children": [2, 3, 4, 5]
		},
		{
			"name": "group",
			"origin": [8, 8, 8],
			"children": [6, 7]
		},
		{
			"name": "group",
			"origin": [8, 8, 8],
			"children": [8, 9, 10, 11]
		},
		{
			"name": "group",
			"origin": [8, 8, 8],
			"children": [12, 13]
		},
		{
			"name": "group",
			"origin": [8, 8, 8],
			"children": [14, 15, 16, 17]
		},
		{
			"name": "group",
			"origin": [8, 8, 8],
			"children": [18, 19]
		}
	]
}