{
	"parent": "minecraft:block/block",
	"ambientocclusion": false,
	"textures": {
		"furnace_top": "minecraft:blocks/furnace/top",
		"observer_top": "minecraft:blocks/observer/top",
		"observer_front": "minecraft:blocks/observer/front",
		"observer_side": "minecraft:blocks/observer/side",
		"observer_back": "minecraft:blocks/observer/back",
		"power": "minecraft:blocks/observer/power_off",
		"particle": "minecraft:blocks/observer_front"
	},
	"elements": [
		{
			"from": [0, 15.5, 0],
			"to": [1, 16, 16],
			"faces": {
				"east": {"uv": [0.5, 16, 1, 0], "rotation": 270, "texture": "#furnace_top", "cullface": "up"},
				"up": {"uv": [0, 0, 1, 16], "texture": "#furnace_top", "cullface": "up"}
			}
		},
		{
			"from": [15, 15.5, 0],
			"to": [16, 16, 16],
			"faces": {
				"west": {"uv": [15, 16, 16, 0], "rotation": 90, "texture": "#furnace_top", "cullface": "up"},
				"up": {"uv": [15, 0, 16, 16], "texture": "#furnace_top", "cullface": "up"}
			}
		},
		{
			"from": [1, 15.5, 0],
			"to": [15, 16, 1],
			"faces": {
				"south": {"uv": [15, 0.5, 1, 1], "rotation": 180, "texture": "#furnace_top", "cullface": "up"},
				"up": {"uv": [1, 0, 15, 1], "texture": "#furnace_top", "cullface": "up"}
			}
		},
		{
			"from": [1, 15.5, 15],
			"to": [15, 16, 16],
			"faces": {
				"north": {"uv": [15, 15, 1, 15.5], "texture": "#furnace_top", "cullface": "up"},
				"up": {"uv": [1, 15, 15, 16], "texture": "#furnace_top", "cullface": "up"}
			}
		},
		{
			"from": [1, 15.5, 1],
			"to": [15, 15.5, 15],
			"faces": {
				"up": {"uv": [1, 1, 15, 15], "texture": "#furnace_top", "cullface": "up"}
			}
		},
		{
			"from": [2, 15.5, 2],
			"to": [14, 15.75, 3],
			"faces": {
				"north": {"uv": [14, 2, 2, 2.25], "texture": "#observer_top", "cullface": "up"},
				"east": {"uv": [14, 2, 13.75, 3], "rotation": 90, "texture": "#observer_top", "cullface": "up"},
				"west": {"uv": [2.25, 2, 2, 3], "rotation": 270, "texture": "#observer_top", "cullface": "up"},
				"up": {"uv": [2, 2, 14, 3], "texture": "#observer_top", "cullface": "up"}
			}
		},
		{
			"from": [3, 15.75, 3],
			"to": [13, 15.75, 5],
			"faces": {
				"up": {"uv": [3, 3, 13, 5], "texture": "#observer_top", "cullface": "up"}
			}
		},
		{
			"from": [3.75, 15.75, 5],
			"to": [12.25, 15.75, 7],
			"faces": {
				"up": {"uv": [3.75, 5, 12.25, 7], "texture": "#observer_top", "cullface": "up"}
			}
		},
		{
			"from": [4.75, 15.75, 7],
			"to": [11.25, 15.75, 9],
			"faces": {
				"up": {"uv": [4.75, 8, 11.25, 10], "texture": "#observer_top", "cullface": "up"}
			}
		},
		{
			"from": [5.5, 15.75, 9],
			"to": [10.5, 15.75, 11],
			"faces": {
				"up": {"uv": [5.5, 10, 10.5, 12], "texture": "#observer_top", "cullface": "up"}
			}
		},
		{
			"from": [6.25, 15.75, 11],
			"to": [9.75, 15.75, 13],
			"faces": {
				"up": {"uv": [6.25, 12, 9.75, 14], "texture": "#observer_top", "cullface": "up"}
			}
		},
		{
			"from": [6.55635, 15.5, 13],
			"to": [9.44365, 15.75, 14],
			"rotation": {"angle": 0, "axis": "y", "origin": [-0.35915, 8, 10.37014]},
			"faces": {
				"south": {"uv": [9.44335, 14.75, 6.55635, 15], "rotation": 180, "texture": "#observer_top", "cullface": "up"},
				"up": {"uv": [6.55635, 14, 9.44335, 15], "texture": "#observer_top", "cullface": "up"}
			}
		},
		{
			"from": [11.16062, 15.5, 0.24718],
			"to": [12.16062, 15.755, 12.15349],
			"rotation": {"angle": -22.5, "axis": "y", "origin": [6.16062, 7.995, 6.24718]},
			"faces": {
				"east": {"uv": [14.75, 14, 15, 2], "rotation": 270, "texture": "#observer_top", "cullface": "up"},
				"up": {"uv": [14, 2, 15, 14], "texture": "#observer_top", "cullface": "up"}
			}
		},
		{
			"from": [4.6767, 15.5, 4.45669],
			"to": [5.6767, 15.755, 16.363],
			"rotation": {"angle": 22.5, "axis": "y", "origin": [-0.3233, 8, 10.45669]},
			"faces": {
				"west": {"uv": [1, 14, 1.25, 2], "rotation": 90, "texture": "#observer_top", "cullface": "up"},
				"up": {"uv": [1, 2, 2, 14], "texture": "#observer_top", "cullface": "up"}
			}
		},
		{
			"from": [15, 0, 0],
			"to": [16, 0.5, 16],
			"faces": {
				"west": {"uv": [0.5, 16, 1, 0], "rotation": 90, "texture": "#furnace_top", "cullface": "down"},
				"down": {"uv": [0, 0, 1, 16], "rotation": 180, "texture": "#furnace_top", "cullface": "down"}
			}
		},
		{
			"from": [0, 0, 0],
			"to": [1, 0.5, 16],
			"faces": {
				"east": {"uv": [15, 16, 16, 0], "rotation": 270, "texture": "#furnace_top", "cullface": "down"},
				"down": {"uv": [15, 0, 16, 16], "rotation": 180, "texture": "#furnace_top", "cullface": "down"}
			}
		},
		{
			"from": [1, 0, 0],
			"to": [15, 0.5, 1],
			"faces": {
				"south": {"uv": [15, 0.5, 1, 1], "texture": "#furnace_top", "cullface": "down"},
				"down": {"uv": [1, 0, 15, 1], "rotation": 180, "texture": "#furnace_top", "cullface": "down"}
			}
		},
		{
			"from": [1, 0, 15],
			"to": [15, 0.5, 16],
			"faces": {
				"north": {"uv": [15, 15, 1, 15.5], "rotation": 180, "texture": "#furnace_top", "cullface": "down"},
				"down": {"uv": [1, 15, 15, 16], "rotation": 180, "texture": "#furnace_top", "cullface": "down"}
			}
		},
		{
			"from": [1, 0.5, 1],
			"to": [15, 0.5, 15],
			"faces": {
				"down": {"uv": [1, 1, 15, 15], "rotation": 180, "texture": "#furnace_top", "cullface": "down"}
			}
		},
		{
			"from": [2, 0.25, 2],
			"to": [14, 0.5, 3],
			"faces": {
				"north": {"uv": [14, 2, 2, 2.25], "rotation": 180, "texture": "#observer_top", "cullface": "down"},
				"east": {"uv": [2.25, 2, 2, 3], "rotation": 90, "texture": "#observer_top", "cullface": "down"},
				"west": {"uv": [14, 2, 13.75, 3], "rotation": 270, "texture": "#observer_top", "cullface": "down"},
				"down": {"uv": [2, 2, 14, 3], "rotation": 180, "texture": "#observer_top", "cullface": "down"}
			}
		},
		{
			"from": [3, 0.25, 3],
			"to": [13, 0.25, 5],
			"faces": {
				"down": {"uv": [3, 3, 13, 5], "rotation": 180, "texture": "#observer_top", "cullface": "down"}
			}
		},
		{
			"from": [3.75, 0.25, 5],
			"to": [12.25, 0.25, 7],
			"faces": {
				"down": {"uv": [3.75, 5, 12.25, 7], "rotation": 180, "texture": "#observer_top", "cullface": "down"}
			}
		},
		{
			"from": [4.75, 0.25, 7],
			"to": [11.25, 0.25, 9],
			"faces": {
				"down": {"uv": [4.75, 8, 11.25, 10], "rotation": 180, "texture": "#observer_top", "cullface": "down"}
			}
		},
		{
			"from": [5.5, 0.25, 9],
			"to": [10.5, 0.25, 11],
			"faces": {
				"down": {"uv": [5.5, 10, 10.5, 12], "rotation": 180, "texture": "#observer_top", "cullface": "down"}
			}
		},
		{
			"from": [6.25, 0.25, 11],
			"to": [9.75, 0.25, 13],
			"faces": {
				"down": {"uv": [6.25, 12, 9.75, 14], "rotation": 180, "texture": "#observer_top", "cullface": "down"}
			}
		},
		{
			"from": [6.55635, 0.25, 13],
			"to": [9.44365, 0.5, 14],
			"rotation": {"angle": 0, "axis": "y", "origin": [16.35915, 8, 10.37014]},
			"faces": {
				"south": {"uv": [9.44335, 14.75, 6.55635, 15], "texture": "#observer_top", "cullface": "down"},
				"down": {"uv": [6.55635, 14, 9.44335, 15], "rotation": 180, "texture": "#observer_top", "cullface": "down"}
			}
		},
		{
			"from": [3.83938, 0.245, 0.24718],
			"to": [4.83938, 0.5, 12.15349],
			"rotation": {"angle": 22.5, "axis": "y", "origin": [9.83938, 8.005, 6.24718]},
			"faces": {
				"west": {"uv": [14.75, 14, 15, 2], "rotation": 90, "texture": "#observer_top", "cullface": "down"},
				"down": {"uv": [14, 2, 15, 14], "rotation": 180, "texture": "#observer_top", "cullface": "down"}
			}
		},
		{
			"from": [10.3233, 0.245, 4.45669],
			"to": [11.3233, 0.5, 16.363],
			"rotation": {"angle": -22.5, "axis": "y", "origin": [16.3233, 8, 10.45669]},
			"faces": {
				"east": {"uv": [1, 14, 1.25, 2], "rotation": 270, "texture": "#observer_top", "cullface": "down"},
				"down": {"uv": [1, 2, 2, 14], "rotation": 180, "texture": "#observer_top", "cullface": "down"}
			}
		},
		{
			"from": [15, 0, 0],
			"to": [16, 16, 0.5],
			"faces": {
				"north": {"uv": [0, 0, 1, 16], "texture": "#observer_side", "cullface": "north"},
				"west": {"uv": [1, 0, 0.5, 16], "texture": "#observer_side", "cullface": "north"}
			}
		},
		{
			"from": [0, 0, 0],
			"to": [1, 16, 0.5],
			"faces": {
				"north": {"uv": [15, 0, 16, 16], "texture": "#observer_side", "cullface": "north"},
				"east": {"uv": [15.5, 0, 15, 16], "texture": "#observer_side", "cullface": "north"}
			}
		},
		{
			"from": [1, 15, 0],
			"to": [15, 16, 0.25],
			"faces": {
				"north": {"uv": [1, 0, 15, 1], "texture": "#observer_side", "cullface": "north"},
				"down": {"uv": [15, 0.75, 1, 1], "texture": "#observer_side", "cullface": "north"}
			}
		},
		{
			"from": [1, 13, 0.25],
			"to": [15, 15, 0.25],
			"faces": {
				"north": {"uv": [1, 1, 15, 3], "texture": "#observer_side", "cullface": "north"}
			}
		},
		{
			"from": [1, 12, 0],
			"to": [15, 13, 0.5],
			"faces": {
				"north": {"uv": [1, 12, 15, 13], "texture": "#observer_side", "cullface": "north"},
				"up": {"uv": [15, 12, 1, 12.5], "texture": "#observer_side", "cullface": "north"},
				"down": {"uv": [15, 12.5, 1, 13], "texture": "#observer_side", "cullface": "north"}
			}
		},
		{
			"from": [1, 10, 0.5],
			"to": [15, 12, 0.5],
			"faces": {
				"north": {"uv": [1, 4, 15, 6], "texture": "#observer_side", "cullface": "north"}
			}
		},
		{
			"from": [1, 0, 0],
			"to": [15, 1, 0.25],
			"faces": {
				"north": {"uv": [1, 15, 15, 16], "texture": "#observer_side", "cullface": "north"},
				"up": {"uv": [15, 15, 1, 15.25], "texture": "#observer_side", "cullface": "north"}
			}
		},
		{
			"from": [1, 10, 0.25],
			"to": [15, 10, 0.5],
			"faces": {
				"up": {"uv": [14, 0, 0, 0.25], "texture": "#observer_front", "cullface": "north"}
			}
		},
		{
			"from": [13, 1, 0.25],
			"to": [15, 10, 0.25],
			"faces": {
				"north": {"uv": [0, 0, 2, 9], "texture": "#observer_front", "cullface": "north"}
			}
		},
		{
			"from": [1, 1, 0.25],
			"to": [3, 10, 0.25],
			"faces": {
				"north": {"uv": [12, 0, 14, 9], "texture": "#observer_front", "cullface": "north"}
			}
		},
		{
			"from": [3, 7, 0.25],
			"to": [13, 10, 0.25],
			"faces": {
				"north": {"uv": [2, 0, 12, 3], "texture": "#observer_front", "cullface": "north"}
			}
		},
		{
			"from": [9, 7, -0.25],
			"to": [15, 8, 0.25],
			"faces": {
				"north": {"uv": [1, 14, 7, 15], "texture": "#observer_front", "cullface": "north"},
				"east": {"uv": [0.5, 14, 1, 15], "texture": "#observer_front", "cullface": "north"},
				"west": {"uv": [7, 14, 7.5, 15], "texture": "#observer_front", "cullface": "north"},
				"up": {"uv": [1, 13.5, 7, 14], "rotation": 180, "texture": "#observer_front", "cullface": "north"},
				"down": {"uv": [1, 15, 7, 15.5], "rotation": 180, "texture": "#observer_front", "cullface": "north"}
			}
		},
		{
			"from": [1, 7, -0.25],
			"to": [7, 8, 0.25],
			"faces": {
				"north": {"uv": [9, 14, 15, 15], "texture": "#observer_front", "cullface": "north"},
				"east": {"uv": [8.5, 14, 9, 15], "texture": "#observer_front", "cullface": "north"},
				"west": {"uv": [15, 14, 15.5, 15], "texture": "#observer_front", "cullface": "north"},
				"up": {"uv": [9, 13.5, 15, 14], "rotation": 180, "texture": "#observer_front", "cullface": "north"},
				"down": {"uv": [9, 15, 15, 15.5], "rotation": 180, "texture": "#observer_front", "cullface": "north"}
			}
		},
		{
			"from": [5, 5, 0.25],
			"to": [11, 7, 2.25],
			"faces": {
				"north": {"uv": [4, 3, 10, 5], "texture": "#observer_front", "cullface": "north"},
				"east": {"uv": [4, 2, 6, 4], "texture": "#power", "cullface": "north"},
				"west": {"uv": [6, 2, 8, 4], "texture": "#power", "cullface": "north"}
			}
		},
		{
			"from": [11, 5, 0.25],
			"to": [13, 5, 2.25],
			"faces": {
				"up": {"uv": [2, 4, 4, 6], "rotation": 180, "texture": "#power", "cullface": "north"}
			}
		},
		{
			"from": [11, 7, 0.25],
			"to": [13, 7, 2.25],
			"faces": {
				"down": {"uv": [2, 0, 4, 2], "rotation": 180, "texture": "#power", "cullface": "north"}
			}
		},
		{
			"from": [3, 7, 0.25],
			"to": [5, 7, 2.25],
			"faces": {
				"down": {"uv": [8, 0, 10, 2], "rotation": 180, "texture": "#power", "cullface": "north"}
			}
		},
		{
			"from": [3, 5, 0.25],
			"to": [5, 5, 2.25],
			"faces": {
				"up": {"uv": [8, 4, 10, 6], "rotation": 180, "texture": "#power", "cullface": "north"}
			}
		},
		{
			"from": [13, 5, 0.25],
			"to": [13, 7, 2.25],
			"faces": {
				"west": {"uv": [0, 2, 2, 4], "texture": "#power", "cullface": "north"}
			}
		},
		{
			"from": [3, 5, 0.25],
			"to": [3, 7, 2.25],
			"faces": {
				"east": {"uv": [10, 2, 12, 4], "texture": "#power", "cullface": "north"}
			}
		},
		{
			"from": [11, 5, 2.25],
			"to": [13, 7, 2.25],
			"faces": {
				"north": {"uv": [2, 2, 4, 4], "texture": "#power", "cullface": "north"}
			}
		},
		{
			"from": [3, 5, 2.25],
			"to": [5, 7, 2.25],
			"faces": {
				"north": {"uv": [8, 2, 10, 4], "texture": "#power", "cullface": "north"}
			}
		},
		{
			"from": [7, 4, 0.25],
			"to": [9, 5, 1.25],
			"faces": {
				"north": {"uv": [6, 5, 8, 6], "texture": "#observer_front", "cullface": "north"},
				"down": {"uv": [1, 9, 3, 10], "rotation": 180, "texture": "#observer_front", "cullface": "north"}
			}
		},
		{
			"from": [9, 1, 0.25],
			"to": [13, 5, 0.25],
			"faces": {
				"north": {"uv": [2, 5, 6, 9], "texture": "#observer_front", "cullface": "north"}
			}
		},
		{
			"from": [3, 1, 0.25],
			"to": [7, 5, 0.25],
			"faces": {
				"north": {"uv": [9, 5, 13, 9], "texture": "#observer_front", "cullface": "north"}
			}
		},
		{
			"from": [7, 1, 0.25],
			"to": [9, 3, 1.25],
			"faces": {
				"north": {"uv": [6, 7, 8, 9], "texture": "#observer_front", "cullface": "north"},
				"up": {"uv": [1, 11, 3, 12], "rotation": 180, "texture": "#observer_front", "cullface": "north"}
			}
		},
		{
			"from": [9, 3, 0.25],
			"to": [9, 4, 1.25],
			"faces": {
				"west": {"uv": [0, 10, 1, 11], "texture": "#observer_front", "cullface": "north"}
			}
		},
		{
			"from": [7, 3, 0.25],
			"to": [7, 4, 1.25],
			"faces": {
				"east": {"uv": [3, 10, 4, 11], "texture": "#observer_front", "cullface": "north"}
			}
		},
		{
			"from": [7, 3, 1.25],
			"to": [9, 4, 1.25],
			"faces": {
				"north": {"uv": [1, 10, 3, 11], "texture": "#observer_front", "cullface": "north"}
			}
		},
		{
			"from": [0, 0, 0],
			"to": [0.5, 16, 1],
			"faces": {
				"south": {"uv": [1, 0, 0.5, 16], "texture": "#observer_side", "cullface": "west"},
				"west": {"uv": [0, 0, 1, 16], "texture": "#observer_side", "cullface": "west"}
			}
		},
		{
			"from": [0, 0, 15],
			"to": [0.5, 16, 16],
			"faces": {
				"north": {"uv": [15.5, 0, 15, 16], "texture": "#observer_side", "cullface": "west"},
				"west": {"uv": [15, 0, 16, 16], "texture": "#observer_side", "cullface": "west"}
			}
		},
		{
			"from": [0, 15, 1],
			"to": [0.25, 16, 15],
			"faces": {
				"west": {"uv": [1, 0, 15, 1], "texture": "#observer_side", "cullface": "west"},
				"down": {"uv": [15, 0.75, 1, 1], "rotation": 90, "texture": "#observer_side", "cullface": "west"}
			}
		},
		{
			"from": [0.25, 13, 1],
			"to": [0.25, 15, 15],
			"faces": {
				"west": {"uv": [1, 1, 15, 3], "texture": "#observer_side", "cullface": "west"}
			}
		},
		{
			"from": [0, 12, 1],
			"to": [0.5, 13, 15],
			"faces": {
				"west": {"uv": [1, 12, 15, 13], "texture": "#observer_side", "cullface": "west"},
				"up": {"uv": [15, 12, 1, 12.5], "rotation": 270, "texture": "#observer_side", "cullface": "west"},
				"down": {"uv": [15, 12.5, 1, 13], "rotation": 90, "texture": "#observer_side", "cullface": "west"}
			}
		},
		{
			"from": [0.5, 4, 1],
			"to": [0.5, 12, 15],
			"faces": {
				"west": {"uv": [1, 4, 15, 12], "texture": "#observer_side", "cullface": "west"}
			}
		},
		{
			"from": [0, 3, 1],
			"to": [0.5, 4, 15],
			"faces": {
				"west": {"uv": [1, 12, 15, 13], "texture": "#observer_side", "cullface": "west"},
				"up": {"uv": [15, 12, 1, 12.5], "rotation": 270, "texture": "#observer_side", "cullface": "west"},
				"down": {"uv": [15, 12.5, 1, 13], "rotation": 90, "texture": "#observer_side", "cullface": "west"}
			}
		},
		{
			"from": [0.25, 1, 1],
			"to": [0.25, 3, 15],
			"faces": {
				"west": {"uv": [1, 13, 15, 15], "texture": "#observer_side", "cullface": "west"}
			}
		},
		{
			"from": [0, 0, 1],
			"to": [0.25, 1, 15],
			"faces": {
				"west": {"uv": [1, 15, 15, 16], "texture": "#observer_side", "cullface": "west"},
				"up": {"uv": [15, 15, 1, 15.25], "rotation": 270, "texture": "#observer_side", "cullface": "west"}
			}
		},
		{
			"from": [15.5, 0, 15],
			"to": [16, 16, 16],
			"faces": {
				"north": {"uv": [1, 0, 0.5, 16], "texture": "#observer_side", "cullface": "east"},
				"east": {"uv": [0, 0, 1, 16], "texture": "#observer_side", "cullface": "east"}
			}
		},
		{
			"from": [15.5, 0, 0],
			"to": [16, 16, 1],
			"faces": {
				"east": {"uv": [15, 0, 16, 16], "texture": "#observer_side", "cullface": "east"},
				"south": {"uv": [15.5, 0, 15, 16], "texture": "#observer_side", "cullface": "east"}
			}
		},
		{
			"from": [15.75, 15, 1],
			"to": [16, 16, 15],
			"faces": {
				"east": {"uv": [1, 0, 15, 1], "texture": "#observer_side", "cullface": "east"},
				"down": {"uv": [15, 0.75, 1, 1], "rotation": 270, "texture": "#observer_side", "cullface": "east"}
			}
		},
		{
			"from": [15.75, 13, 1],
			"to": [15.75, 15, 15],
			"faces": {
				"east": {"uv": [1, 1, 15, 3], "texture": "#observer_side", "cullface": "east"}
			}
		},
		{
			"from": [15.5, 12, 1],
			"to": [16, 13, 15],
			"faces": {
				"east": {"uv": [1, 12, 15, 13], "texture": "#observer_side", "cullface": "east"},
				"up": {"uv": [15, 12, 1, 12.5], "rotation": 90, "texture": "#observer_side", "cullface": "east"},
				"down": {"uv": [15, 12.5, 1, 13], "rotation": 270, "texture": "#observer_side", "cullface": "east"}
			}
		},
		{
			"from": [15.5, 4, 1],
			"to": [15.5, 12, 15],
			"faces": {
				"east": {"uv": [1, 4, 15, 12], "texture": "#observer_side", "cullface": "east"}
			}
		},
		{
			"from": [15.5, 3, 1],
			"to": [16, 4, 15],
			"faces": {
				"east": {"uv": [1, 12, 15, 13], "texture": "#observer_side", "cullface": "east"},
				"up": {"uv": [15, 12, 1, 12.5], "rotation": 90, "texture": "#observer_side", "cullface": "east"},
				"down": {"uv": [15, 12.5, 1, 13], "rotation": 270, "texture": "#observer_side", "cullface": "east"}
			}
		},
		{
			"from": [15.75, 1, 1],
			"to": [15.75, 3, 15],
			"faces": {
				"east": {"uv": [1, 13, 15, 15], "texture": "#observer_side", "cullface": "east"}
			}
		},
		{
			"from": [15.75, 0, 1],
			"to": [16, 1, 15],
			"faces": {
				"east": {"uv": [1, 15, 15, 16], "texture": "#observer_side", "cullface": "east"},
				"up": {"uv": [15, 15, 1, 15.25], "rotation": 90, "texture": "#observer_side", "cullface": "east"}
			}
		},
		{
			"from": [0, 0, 15.5],
			"to": [1, 16, 16],
			"faces": {
				"east": {"uv": [1, 0, 0.5, 16], "texture": "#observer_side", "cullface": "south"},
				"south": {"uv": [0, 0, 1, 16], "texture": "#observer_side", "cullface": "south"}
			}
		},
		{
			"from": [15, 0, 15.5],
			"to": [16, 16, 16],
			"faces": {
				"south": {"uv": [15, 0, 16, 16], "texture": "#observer_side", "cullface": "south"},
				"west": {"uv": [15.5, 0, 15, 16], "texture": "#observer_side", "cullface": "south"}
			}
		},
		{
			"from": [1, 15, 15.75],
			"to": [15, 16, 16],
			"faces": {
				"south": {"uv": [1, 0, 15, 1], "texture": "#observer_side", "cullface": "south"},
				"down": {"uv": [15, 0.75, 1, 1], "rotation": 180, "texture": "#observer_side", "cullface": "south"}
			}
		},
		{
			"from": [1, 13, 15.75],
			"to": [15, 15, 15.75],
			"faces": {
				"south": {"uv": [1, 1, 15, 3], "texture": "#observer_side", "cullface": "south"}
			}
		},
		{
			"from": [1, 12, 15.5],
			"to": [15, 13, 16],
			"faces": {
				"south": {"uv": [1, 12, 15, 13], "texture": "#observer_side", "cullface": "south"},
				"up": {"uv": [15, 12, 1, 12.5], "rotation": 180, "texture": "#observer_side", "cullface": "south"},
				"down": {"uv": [15, 12.5, 1, 13], "rotation": 180, "texture": "#observer_side", "cullface": "south"}
			}
		},
		{
			"from": [1, 4, 15.5],
			"to": [15, 12, 15.5],
			"faces": {
				"south": {"uv": [1, 4, 15, 12], "texture": "#observer_side", "cullface": "south"}
			}
		},
		{
			"from": [1, 3, 15.5],
			"to": [15, 4, 16],
			"faces": {
				"south": {"uv": [1, 12, 15, 13], "texture": "#observer_side", "cullface": "south"},
				"up": {"uv": [15, 12, 1, 12.5], "rotation": 180, "texture": "#observer_side", "cullface": "south"},
				"down": {"uv": [15, 12.5, 1, 13], "rotation": 180, "texture": "#observer_side", "cullface": "south"}
			}
		},
		{
			"from": [1, 1, 15.75],
			"to": [15, 3, 15.75],
			"faces": {
				"south": {"uv": [1, 13, 15, 15], "texture": "#observer_side", "cullface": "south"}
			}
		},
		{
			"from": [1, 0, 15.75],
			"to": [15, 1, 16],
			"faces": {
				"south": {"uv": [1, 15, 15, 16], "texture": "#observer_side", "cullface": "south"},
				"up": {"uv": [15, 15, 1, 15.25], "rotation": 180, "texture": "#observer_side", "cullface": "south"}
			}
		},
		{
			"from": [7, 7, 15.75],
			"to": [9, 9, 15.75],
			"faces": {
				"south": {"uv": [0, 0, 2, 2], "texture": "#power", "cullface": "south"}
			}
		},
		{
			"from": [9, 7, 15.5],
			"to": [10, 9, 16],
			"faces": {
				"east": {"uv": [10, 7, 10.5, 9], "texture": "#observer_back", "cullface": "south"},
				"south": {"uv": [9, 7, 10, 9], "texture": "#observer_back", "cullface": "south"},
				"west": {"uv": [9.5, 7, 9, 9], "texture": "#observer_back", "cullface": "south"}
			}
		},
		{
			"from": [6, 7, 15.5],
			"to": [7, 9, 16],
			"faces": {
				"east": {"uv": [7, 7, 6.5, 9], "texture": "#observer_back", "cullface": "south"},
				"south": {"uv": [6, 7, 7, 9], "texture": "#observer_back", "cullface": "south"},
				"west": {"uv": [5.5, 7, 6, 9], "texture": "#observer_back", "cullface": "south"}
			}
		},
		{
			"from": [6, 9, 15.5],
			"to": [10, 10, 16],
			"faces": {
				"east": {"uv": [10, 6, 10.5, 7], "texture": "#observer_back", "cullface": "south"},
				"south": {"uv": [6, 6, 10, 7], "texture": "#observer_back", "cullface": "south"},
				"west": {"uv": [5.5, 6, 6, 7], "texture": "#observer_back", "cullface": "south"},
				"up": {"uv": [6, 5.5, 10, 6], "texture": "#observer_back", "cullface": "south"},
				"down": {"uv": [10, 6.5, 6, 7], "rotation": 180, "texture": "#observer_back", "cullface": "south"}
			}
		},
		{
			"from": [6, 6, 15.5],
			"to": [10, 7, 16],
			"faces": {
				"east": {"uv": [10, 9, 10.5, 10], "texture": "#observer_back", "cullface": "south"},
				"south": {"uv": [6, 9, 10, 10], "texture": "#observer_back", "cullface": "south"},
				"west": {"uv": [5.5, 9, 6, 10], "texture": "#observer_back", "cullface": "south"},
				"up": {"uv": [10, 9, 6, 9.5], "rotation": 180, "texture": "#observer_back", "cullface": "south"},
				"down": {"uv": [6, 10, 10, 10.5], "texture": "#observer_back", "cullface": "south"}
			}
		}
	],
	"groups": [
		{
			"name": "group",
			"origin": [8, 8, 8],
			"children": [0, 1, 2, 3, 4, 5, 6, 7, 8, 9, 10, 11, 12, 13]
		},
		{
			"name": "group",
			"origin": [8, 8, 8],
			"children": [14, 15, 16, 17, 18, 19, 20, 21, 22, 23, 24, 25, 26, 27]
		},
		{
			"name": "group",
			"origin": [8, 8, 8],
			"children": [28, 29, 30, 31, 32, 33, 34,
				{
					"name": "group",
					"origin": [8, 8, 8],
					"children": [35, 36, 37, 38, 39, 40, 41, 42, 43, 44, 45, 46, 47, 48, 49, 50, 51, 52, 53, 54, 55, 56]
				}
			]
		},
		{
			"name": "group",
			"origin": [8, 8, 8],
			"children": [57, 58, 59, 60, 61, 62, 63, 64, 65]
		},
		{
			"name": "group",
			"origin": [8, 8, 8],
			"children": [66, 67, 68, 69, 70, 71, 72, 73, 74]
		},
		{
			"name": "group",
			"origin": [8, 8, 8],
			"children": [75, 76, 77, 78, 79, 80, 81, 82, 83, 84, 85, 86, 87, 88]
		}
	]
}