{
	"textures": {
		"face": "minecraft:blocks/dispenser/face",
		"tube": "minecraft:blocks/dispenser/tube",
		"particle": "minecraft:blocks/dispenser_front_horizontal"
	},
	"ambientocclusion": false,
	"elements": [
		{
			"from": [10, 4, 0.25],
			"to": [11, 8, 0.25],
			"faces": {
				"north": {"uv": [5, 8, 6, 12], "texture": "#face", "cullface": "north"}
			}
		},
		{
			"from": [5, 4, 0.25],
			"to": [6, 8, 0.25],
			"faces": {
				"north": {"uv": [10, 8, 11, 12], "texture": "#face", "cullface": "north"}
			}
		},
		{
			"from": [6, 4, 14.25],
			"to": [10, 8, 14.25],
			"faces": {
				"north": {"uv": [0, 12, 4, 16], "texture": "#tube", "cullface": "north"}
			}
		},
		{
			"from": [7, 4, 0.25],
			"to": [9, 4, 14.25],
			"rotation": {"angle": 0, "axis": "y", "origin": [8, 6, 8]},
			"faces": {
				"up": {"uv": [14, 0, 16, 14], "texture": "#tube", "cullface": "north"}
			}
		},
		{
			"from": [10, 5, 0.25],
			"to": [10, 7, 14.25],
			"rotation": {"angle": 0, "axis": "z", "origin": [8, 6, 8]},
			"faces": {
				"west": {"uv": [14, 0, 16, 14], "rotation": 270, "texture": "#tube", "cullface": "north"}
			}
		},
		{
			"from": [7, 8, 0.25],
			"to": [9, 8, 14.25],
			"rotation": {"angle": 0, "axis": "z", "origin": [8, 6, 8]},
			"faces": {
				"down": {"uv": [14, 0, 16, 14], "rotation": 180, "texture": "#tube", "cullface": "north"}
			}
		},
		{
			"from": [6, 5, 0.25],
			"to": [6, 7, 14.25],
			"rotation": {"angle": 0, "axis": "z", "origin": [8, 6, 8]},
			"faces": {
				"east": {"uv": [14, 0, 16, 14], "rotation": 90, "texture": "#tube", "cullface": "north"}
			}
		},
		{
			"from": [9, 4, 0.255],
			"to": [10.4142, 5.4142, 14.255],
			"rotation": {"angle": -45, "axis": "z", "origin": [9, 4, 9]},
			"faces": {
				"north": {"uv": [6, 11, 7, 12], "texture": "#face", "cullface": "north"},
				"west": {"uv": [13, 0, 14, 14], "rotation": 270, "texture": "#tube", "cullface": "north"}
			}
		},
		{
			"from": [10, 7, 0.255],
			"to": [11.4142, 8.4142, 14.255],
			"rotation": {"angle": 45, "axis": "z", "origin": [10, 7, 9]},
			"faces": {
				"north": {"uv": [6, 8, 7, 9], "texture": "#face", "cullface": "north"},
				"west": {"uv": [13, 0, 14, 14], "rotation": 270, "texture": "#tube", "cullface": "north"}
			}
		},
		{
			"from": [4.5857, 7, 0.255],
			"to": [5.9999, 8.4142, 14.255],
			"rotation": {"angle": -45, "axis": "z", "origin": [6, 7, 9]},
			"faces": {
				"north": {"uv": [9, 8, 10, 9], "texture": "#face", "cullface": "north"},
				"east": {"uv": [13, 0, 14, 14], "rotation": 90, "texture": "#tube", "cullface": "north"}
			}
		},
		{
			"from": [5.5857, 4, 0.255],
			"to": [6.9999, 5.4142, 14.255],
			"rotation": {"angle": 45, "axis": "z", "origin": [7, 4, 9]},
			"faces": {
				"north": {"uv": [9, 11, 10, 12], "texture": "#face", "cullface": "north"},
				"east": {"uv": [13, 0, 14, 14], "rotation": 90, "texture": "#tube", "cullface": "north"}
			}
		}
	]
}