{
	"elements": [
		{
			"from": [8, 4, -0.5],
			"to": [9, 5, 0],
			"faces": {
				"north": {"uv": [7, 11, 8, 12], "texture": "#ore", "cullface": "north"},
				"east": {"uv": [7.5, 11, 7, 12], "texture": "#ore", "cullface": "north"},
				"west": {"uv": [8, 11, 7.5, 12], "texture": "#ore", "cullface": "north"},
				"up": {"uv": [8, 11, 7, 11.5], "texture": "#ore", "cullface": "north"}
			}
		},
		{
			"from": [6, 1, -0.5],
			"to": [7, 3, 0],
			"faces": {
				"north": {"uv": [9, 13, 10, 15], "texture": "#ore", "cullface": "north"},
				"east": {"uv": [9.5, 13, 9, 15], "texture": "#ore", "cullface": "north"},
				"west": {"uv": [10, 13, 9.5, 15], "texture": "#ore", "cullface": "north"},
				"up": {"uv": [10, 13, 9, 13.5], "texture": "#ore", "cullface": "north"},
				"down": {"uv": [10, 14.5, 9, 15], "texture": "#ore", "cullface": "north"}
			}
		},
		{
			"from": [7, 2, -0.5],
			"to": [9, 4, 0],
			"faces": {
				"north": {"uv": [7, 12, 9, 14], "texture": "#ore", "cullface": "north"},
				"east": {"uv": [7.5, 12, 7, 14], "texture": "#ore", "cullface": "north"},
				"west": {"uv": [9, 12, 8.5, 14], "texture": "#ore", "cullface": "north"},
				"up": {"uv": [9, 12, 7, 12.5], "texture": "#ore", "cullface": "north"},
				"down": {"uv": [9, 13.5, 7, 14], "texture": "#ore", "cullface": "north"}
			}
		},
		{
			"from": [2, 4, -0.5],
			"to": [3, 6, 0],
			"faces": {
				"north": {"uv": [13, 10, 14, 12], "texture": "#ore", "cullface": "north"},
				"east": {"uv": [13.5, 10, 13, 12], "texture": "#ore", "cullface": "north"},
				"west": {"uv": [14, 10, 13.5, 12], "texture": "#ore", "cullface": "north"},
				"up": {"uv": [14, 10, 13, 10.5], "texture": "#ore", "cullface": "north"},
				"down": {"uv": [14, 11.5, 13, 12], "texture": "#ore", "cullface": "north"}
			}
		},
		{
			"from": [3, 4, -0.5],
			"to": [4, 5, 0],
			"faces": {
				"north": {"uv": [12, 11, 13, 12], "texture": "#ore", "cullface": "north"},
				"east": {"uv": [12.5, 11, 12, 12], "texture": "#ore", "cullface": "north"},
				"up": {"uv": [13, 11, 12, 11.5], "texture": "#ore", "cullface": "north"},
				"down": {"uv": [13, 11.5, 12, 12], "texture": "#ore", "cullface": "north"}
			}
		},
		{
			"from": [14, 4, -0.5],
			"to": [15, 5, 0],
			"faces": {
				"north": {"uv": [1, 11, 2, 12], "texture": "#ore", "cullface": "north"},
				"east": {"uv": [1.5, 11, 1, 12], "texture": "#ore", "cullface": "north"},
				"west": {"uv": [2, 11, 1.5, 12], "texture": "#ore", "cullface": "north"},
				"up": {"uv": [2, 11, 1, 11.5], "texture": "#ore", "cullface": "north"},
				"down": {"uv": [2, 11.5, 1, 12], "texture": "#ore", "cullface": "north"}
			}
		},
		{
			"from": [11, 5, -0.5],
			"to": [12, 7, 0],
			"faces": {
				"north": {"uv": [4, 9, 5, 11], "texture": "#ore", "cullface": "north"},
				"east": {"uv": [4.5, 9, 4, 11], "texture": "#ore", "cullface": "north"},
				"west": {"uv": [5, 9, 4.5, 11], "texture": "#ore", "cullface": "north"},
				"up": {"uv": [5, 9, 4, 9.5], "texture": "#ore", "cullface": "north"},
				"down": {"uv": [5, 10.5, 4, 11], "texture": "#ore", "cullface": "north"}
			}
		},
		{
			"from": [12, 6, -0.5],
			"to": [13, 7, 0],
			"faces": {
				"north": {"uv": [3, 9, 4, 10], "texture": "#ore", "cullface": "north"},
				"east": {"uv": [3.5, 9, 3, 10], "texture": "#ore", "cullface": "north"},
				"up": {"uv": [4, 9, 3, 9.5], "texture": "#ore", "cullface": "north"},
				"down": {"uv": [4, 9.5, 3, 10], "texture": "#ore", "cullface": "north"}
			}
		},
		{
			"from": [10, 12, -0.5],
			"to": [12, 14, 0],
			"faces": {
				"north": {"uv": [4, 2, 6, 4], "texture": "#ore", "cullface": "north"},
				"east": {"uv": [4.5, 2, 4, 4], "texture": "#ore", "cullface": "north"},
				"west": {"uv": [6, 2, 5.5, 4], "texture": "#ore", "cullface": "north"},
				"up": {"uv": [6, 2, 4, 2.5], "texture": "#ore", "cullface": "north"},
				"down": {"uv": [6, 3.5, 4, 4], "texture": "#ore", "cullface": "north"}
			}
		},
		{
			"from": [11, 10, -0.5],
			"to": [12, 12, 0],
			"faces": {
				"north": {"uv": [4, 4, 5, 6], "texture": "#ore", "cullface": "north"},
				"east": {"uv": [4.5, 4, 4, 6], "texture": "#ore", "cullface": "north"},
				"west": {"uv": [5, 4, 4.5, 6], "texture": "#ore", "cullface": "north"},
				"down": {"uv": [5, 5, 4, 6], "texture": "#ore", "cullface": "north"}
			}
		},
		{
			"from": [5, 12, -0.5],
			"to": [6, 14, 0],
			"faces": {
				"north": {"uv": [10, 2, 11, 4], "texture": "#ore", "cullface": "north"},
				"east": {"uv": [10.5, 2, 10, 4], "texture": "#ore", "cullface": "north"},
				"west": {"uv": [11, 2, 10.5, 4], "texture": "#ore", "cullface": "north"},
				"up": {"uv": [11, 2, 10, 2.5], "texture": "#ore", "cullface": "north"},
				"down": {"uv": [11, 3.5, 10, 4], "texture": "#ore", "cullface": "north"}
			}
		},
		{
			"from": [4, 12, -0.5],
			"to": [5, 13, 0],
			"faces": {
				"north": {"uv": [11, 3, 12, 4], "texture": "#ore", "cullface": "north"},
				"west": {"uv": [12, 3, 11.5, 4], "texture": "#ore", "cullface": "north"},
				"up": {"uv": [12, 3, 11, 3.5], "texture": "#ore", "cullface": "north"},
				"down": {"uv": [12, 3.5, 11, 4], "texture": "#ore", "cullface": "north"}
			}
		},
		{
			"from": [4, 10, -0.5],
			"to": [5, 11, 0],
			"faces": {
				"north": {"uv": [11, 5, 12, 6], "texture": "#ore", "cullface": "north"},
				"east": {"uv": [11.5, 5, 11, 6], "texture": "#ore", "cullface": "north"},
				"west": {"uv": [12, 5, 11.5, 6], "texture": "#ore", "cullface": "north"},
				"up": {"uv": [12, 5, 11, 5.5], "texture": "#ore", "cullface": "north"}
			}
		},
		{
			"from": [6, 8, -0.5],
			"to": [8, 9, 0],
			"faces": {
				"north": {"uv": [8, 7, 10, 8], "texture": "#ore", "cullface": "north"},
				"east": {"uv": [8.5, 7, 8, 8], "texture": "#ore", "cullface": "north"},
				"west": {"uv": [10, 7, 9.5, 8], "texture": "#ore", "cullface": "north"},
				"up": {"uv": [10, 7, 8, 7.5], "texture": "#ore", "cullface": "north"},
				"down": {"uv": [10, 7.5, 8, 8], "texture": "#ore", "cullface": "north"}
			}
		},
		{
			"from": [8, 7, -0.5],
			"to": [9, 8, 0],
			"faces": {
				"north": {"uv": [7, 8, 8, 9], "texture": "#ore", "cullface": "north"},
				"east": {"uv": [7.5, 8, 7, 9], "texture": "#ore", "cullface": "north"},
				"west": {"uv": [8, 8, 7.5, 9], "texture": "#ore", "cullface": "north"},
				"up": {"uv": [8, 8, 7, 8.5], "texture": "#ore", "cullface": "north"},
				"down": {"uv": [8, 8.5, 7, 9], "texture": "#ore", "cullface": "north"}
			}
		},
		{
			"from": [3, 8, -0.5],
			"to": [5, 10, 0],
			"faces": {
				"north": {"uv": [11, 6, 13, 8], "texture": "#ore", "cullface": "north"},
				"east": {"uv": [11.5, 6, 11, 8], "texture": "#ore", "cullface": "north"},
				"west": {"uv": [13, 6, 12.5, 8], "texture": "#ore", "cullface": "north"},
				"up": {"uv": [13, 6, 11, 6.5], "texture": "#ore", "cullface": "north"},
				"down": {"uv": [13, 7.5, 11, 8], "texture": "#ore", "cullface": "north"}
			}
		},
		{
			"from": [12, 11, -0.5],
			"to": [13, 13, 0],
			"faces": {
				"north": {"uv": [3, 3, 4, 5], "texture": "#ore", "cullface": "north"},
				"east": {"uv": [3.5, 3, 3, 5], "texture": "#ore", "cullface": "north"},
				"up": {"uv": [4, 3, 3, 3.5], "texture": "#ore", "cullface": "north"},
				"down": {"uv": [4, 4.5, 3, 5], "texture": "#ore", "cullface": "north"}
			}
		}
	]
}