{
	"elements": [
		{
			"from": [1, 3, -0.5],
			"to": [3, 7, 0],
			"faces": {
				"north": {"uv": [13, 9, 15, 13], "texture": "#ore", "cullface": "north"},
				"east": {"uv": [13.5, 9, 13, 13], "texture": "#ore", "cullface": "north"},
				"west": {"uv": [15, 9, 14.5, 13], "texture": "#ore", "cullface": "north"},
				"up": {"uv": [15, 9, 13, 9.5], "texture": "#ore", "cullface": "north"},
				"down": {"uv": [15, 12.5, 13, 13], "texture": "#ore", "cullface": "north"}
			}
		},
		{
			"from": [2, 13, -0.5],
			"to": [4, 14, 0],
			"faces": {
				"north": {"uv": [12, 2, 14, 3], "texture": "#ore", "cullface": "north"},
				"east": {"uv": [12.5, 2, 12, 3], "texture": "#ore", "cullface": "north"},
				"west": {"uv": [14, 2, 13.5, 3], "texture": "#ore", "cullface": "north"},
				"up": {"uv": [14, 2, 12, 2.5], "texture": "#ore", "cullface": "north"},
				"down": {"uv": [14, 2.5, 12, 3], "texture": "#ore", "cullface": "north"}
			}
		},
		{
			"from": [7, 12, -0.5],
			"to": [9, 13, 0],
			"faces": {
				"north": {"uv": [7, 3, 9, 4], "texture": "#ore", "cullface": "north"},
				"east": {"uv": [7.5, 3, 7, 4], "texture": "#ore", "cullface": "north"},
				"west": {"uv": [9, 3, 8.5, 4], "texture": "#ore", "cullface": "north"},
				"up": {"uv": [9, 3, 7, 3.5], "texture": "#ore", "cullface": "north"},
				"down": {"uv": [9, 3.5, 7, 4], "texture": "#ore", "cullface": "north"}
			}
		},
		{
			"from": [8, 6, -0.5],
			"to": [9, 8, 0],
			"faces": {
				"north": {"uv": [7, 8, 8, 10], "texture": "#ore", "cullface": "north"},
				"east": {"uv": [7.5, 8, 7, 10], "texture": "#ore", "cullface": "north"},
				"west": {"uv": [8, 8, 7.5, 10], "texture": "#ore", "cullface": "north"},
				"up": {"uv": [8, 8, 7, 8.5], "texture": "#ore", "cullface": "north"},
				"down": {"uv": [8, 9.5, 7, 10], "texture": "#ore", "cullface": "north"}
			}
		},
		{
			"from": [9, 10, -0.5],
			"to": [11, 11, 0],
			"faces": {
				"north": {"uv": [5, 5, 7, 6], "texture": "#ore", "cullface": "north"},
				"east": {"uv": [5.5, 5, 5, 6], "texture": "#ore", "cullface": "north"},
				"west": {"uv": [7, 5, 6.5, 6], "texture": "#ore", "cullface": "north"},
				"up": {"uv": [7, 5, 5, 5.5], "texture": "#ore", "cullface": "north"}
			}
		},
		{
			"from": [11, 5, -0.5],
			"to": [12, 6, 0],
			"faces": {
				"north": {"uv": [4, 10, 5, 11], "texture": "#ore", "cullface": "north"},
				"east": {"uv": [4.5, 10, 4, 11], "texture": "#ore", "cullface": "north"},
				"west": {"uv": [5, 10, 4.5, 11], "texture": "#ore", "cullface": "north"},
				"up": {"uv": [5, 10, 4, 10.5], "texture": "#ore", "cullface": "north"}
			}
		},
		{
			"from": [10, 3, -0.5],
			"to": [11, 4, 0],
			"faces": {
				"north": {"uv": [5, 12, 6, 13], "texture": "#ore", "cullface": "north"},
				"east": {"uv": [5.5, 12, 5, 13], "texture": "#ore", "cullface": "north"},
				"west": {"uv": [6, 12, 5.5, 13], "texture": "#ore", "cullface": "north"},
				"up": {"uv": [6, 12, 5, 12.5], "texture": "#ore", "cullface": "north"}
			}
		},
		{
			"from": [7, 6, -0.5],
			"to": [8, 7, 0],
			"faces": {
				"north": {"uv": [8, 9, 9, 10], "texture": "#ore", "cullface": "north"},
				"up": {"uv": [9, 9, 8, 9.5], "texture": "#ore", "cullface": "north"}
			}
		},
		{
			"from": [10, 12, -0.5],
			"to": [11, 13, 0],
			"faces": {
				"north": {"uv": [5, 3, 6, 4], "texture": "#ore", "cullface": "north"},
				"east": {"uv": [5.5, 3.25, 5, 4], "texture": "#ore", "cullface": "north"},
				"west": {"uv": [6, 3, 5.5, 4], "texture": "#ore", "cullface": "north"},
				"down": {"uv": [6, 3.5, 5, 4], "texture": "#ore", "cullface": "north"}
			}
		},
		{
			"from": [5, 2, -0.5],
			"to": [8, 4, 0],
			"faces": {
				"north": {"uv": [8, 12, 11, 14], "texture": "#ore", "cullface": "north"},
				"east": {"uv": [8.5, 12, 8, 14], "texture": "#ore", "cullface": "north"},
				"west": {"uv": [11, 12, 10.5, 14], "texture": "#ore", "cullface": "north"},
				"up": {"uv": [11, 12, 8, 12.5], "texture": "#ore", "cullface": "north"},
				"down": {"uv": [11, 13.5, 8, 14], "texture": "#ore", "cullface": "north"}
			}
		},
		{
			"from": [4, 6, -0.5],
			"to": [7, 8, 0],
			"faces": {
				"north": {"uv": [9, 8, 12, 10], "texture": "#ore", "cullface": "north"},
				"east": {"uv": [9.5, 8, 9, 10], "texture": "#ore", "cullface": "north"},
				"west": {"uv": [12, 8, 11.5, 10], "texture": "#ore", "cullface": "north"},
				"up": {"uv": [12, 8, 9, 8.5], "texture": "#ore", "cullface": "north"},
				"down": {"uv": [12, 9.5, 9, 10], "texture": "#ore", "cullface": "north"}
			}
		},
		{
			"from": [4, 9, -0.5],
			"to": [6, 11, 0],
			"faces": {
				"north": {"uv": [10, 5, 12, 7], "texture": "#ore", "cullface": "north"},
				"east": {"uv": [10.5, 5, 10, 7], "texture": "#ore", "cullface": "north"},
				"west": {"uv": [12, 5, 11.5, 7], "texture": "#ore", "cullface": "north"},
				"up": {"uv": [12, 5, 10, 5.5], "texture": "#ore", "cullface": "north"},
				"down": {"uv": [12, 6.5, 10, 7], "texture": "#ore", "cullface": "north"}
			}
		},
		{
			"from": [13, 7, -0.5],
			"to": [15, 9, 0],
			"faces": {
				"north": {"uv": [1, 7, 3, 9], "texture": "#ore", "cullface": "north"},
				"east": {"uv": [1.5, 7, 1, 9], "texture": "#ore", "cullface": "north"},
				"west": {"uv": [3, 7, 2.5, 9], "texture": "#ore", "cullface": "north"},
				"up": {"uv": [3, 7, 1, 7.5], "texture": "#ore", "cullface": "north"},
				"down": {"uv": [3, 8.5, 1, 9], "texture": "#ore", "cullface": "north"}
			}
		},
		{
			"from": [9, 1, -0.5],
			"to": [12, 3, 0],
			"faces": {
				"north": {"uv": [4, 13, 7, 15], "texture": "#ore", "cullface": "north"},
				"east": {"uv": [4.5, 13, 4, 15], "texture": "#ore", "cullface": "north"},
				"west": {"uv": [7, 13, 6.5, 15], "texture": "#ore", "cullface": "north"},
				"up": {"uv": [7, 13, 4, 13.5], "texture": "#ore", "cullface": "north"},
				"down": {"uv": [7, 14.5, 4, 15], "texture": "#ore", "cullface": "north"}
			}
		},
		{
			"from": [11, 4, -0.5],
			"to": [14, 5, 0],
			"faces": {
				"north": {"uv": [2, 11, 5, 12], "texture": "#ore", "cullface": "north"},
				"east": {"uv": [2.5, 11, 2, 12], "texture": "#ore", "cullface": "north"},
				"west": {"uv": [5, 11, 4.5, 12], "texture": "#ore", "cullface": "north"},
				"up": {"uv": [5, 11, 2, 11.5], "texture": "#ore", "cullface": "north"},
				"down": {"uv": [5, 11.5, 2, 12], "texture": "#ore", "cullface": "north"}
			}
		},
		{
			"from": [5, 5, -0.5],
			"to": [8, 6, 0],
			"faces": {
				"north": {"uv": [8, 10, 11, 11], "texture": "#ore", "cullface": "north"},
				"east": {"uv": [8.5, 10, 8, 11], "texture": "#ore", "cullface": "north"},
				"west": {"uv": [11, 10, 10.5, 11], "texture": "#ore", "cullface": "north"},
				"down": {"uv": [11, 10.5, 8, 11], "texture": "#ore", "cullface": "north"}
			}
		},
		{
			"from": [8, 9, -0.5],
			"to": [13, 10, 0],
			"faces": {
				"north": {"uv": [3, 6, 8, 7], "texture": "#ore", "cullface": "north"},
				"east": {"uv": [3.5, 6, 3, 7], "texture": "#ore", "cullface": "north"},
				"west": {"uv": [8, 6, 7.5, 7], "texture": "#ore", "cullface": "north"},
				"up": {"uv": [8, 6, 3, 6.5], "texture": "#ore", "cullface": "north"},
				"down": {"uv": [7.75, 6.5, 3, 7], "texture": "#ore", "cullface": "north"}
			}
		},
		{
			"from": [10, 13, -0.5],
			"to": [14, 14, 0],
			"faces": {
				"north": {"uv": [2, 2, 6, 3], "texture": "#ore", "cullface": "north"},
				"east": {"uv": [2.5, 2, 2, 3], "texture": "#ore", "cullface": "north"},
				"west": {"uv": [6, 2, 5.5, 3], "texture": "#ore", "cullface": "north"},
				"up": {"uv": [6, 2, 2, 2.5], "texture": "#ore", "cullface": "north"},
				"down": {"uv": [6, 2.5, 2, 3], "texture": "#ore", "cullface": "north"}
			}
		}
	]
}