{
	"textures": {
		"props": "minecraft:blocks/bookshelf/props_1"
	},
	"elements": [
		{
			"from": [1, 1, 1],
			"to": [3, 7, 3],
			"faces": {
				"north": {"uv": [3, 1, 4, 4], "texture": "#books", "cullface": "north"},
				"east": {"uv": [5, 1, 4, 4], "texture": "#books", "cullface": "north"}
			}
		},
		{
			"from": [3, 1, 0],
			"to": [5, 5, 4],
			"faces": {
				"north": {"uv": [9, 6, 10, 8], "texture": "#books", "cullface": "north"},
				"east": {"uv": [12, 6, 10, 8], "texture": "#books", "cullface": "north"},
				"west": {"uv": [10, 6, 12, 8], "texture": "#books", "cullface": "north"},
				"up": {"uv": [10, 5, 12, 6], "rotation": 90, "texture": "#books", "cullface": "north"}
			}
		},
		{
			"from": [1, 1, 3],
			"to": [3, 7, 4],
			"faces": {
				"north": {"uv": [8, 5, 7, 8], "texture": "#books", "cullface": "west"},
				"south": {"uv": [7, 5, 8, 8], "texture": "#books", "cullface": "west"},
				"west": {"uv": [6.5, 5, 7, 8], "texture": "#books", "cullface": "west"}
			}
		},
		{
			"from": [0, 1, 1],
			"to": [3, 5, 3],
			"faces": {
				"south": {"uv": [10, 2, 11.5, 4], "texture": "#books", "cullface": "west"},
				"west": {"uv": [9, 2, 10, 4], "texture": "#books", "cullface": "west"},
				"up": {"uv": [10, 1, 11.5, 2], "texture": "#books", "cullface": "west"}
			}
		},
		{
			"from": [0, 1, 4],
			"to": [4, 7, 6],
			"faces": {
				"north": {"uv": [9, 1, 7, 4], "texture": "#books", "cullface": "west"},
				"south": {"uv": [7, 1, 9, 4], "texture": "#books", "cullface": "west"},
				"west": {"uv": [6, 1, 7, 4], "texture": "#books", "cullface": "west"}
			}
		},
		{
			"from": [0, 1, 8],
			"to": [3, 2, 11],
			"rotation": {"angle": 0, "axis": "y", "origin": [-2, 8, 8]},
			"faces": {
				"north": {"uv": [14, 2, 15, 5], "rotation": 90, "texture": "#props", "cullface": "west"},
				"east": {"uv": [11, 5, 14, 6], "texture": "#props", "cullface": "west"},
				"south": {"uv": [10, 2, 11, 5], "rotation": 270, "texture": "#props", "cullface": "west"},
				"west": {"uv": [11, 1, 14, 2], "rotation": 180, "texture": "#props", "cullface": "west"},
				"up": {"uv": [11, 2, 14, 5], "rotation": 270, "texture": "#props", "cullface": "west"}
			}
		},
		{
			"from": [1, 2, 9],
			"to": [2, 7, 12],
			"rotation": {"angle": 0, "axis": "y", "origin": [-2, 8, 8]},
			"faces": {
				"north": {"uv": [0, 1, 1, 6], "texture": "#props", "cullface": "west"},
				"east": {"uv": [5, 1, 8, 6], "texture": "#props", "cullface": "west"},
				"south": {"uv": [4, 1, 5, 6], "texture": "#props", "cullface": "west"},
				"west": {"uv": [1, 1, 4, 6], "texture": "#props", "cullface": "west"},
				"up": {"uv": [1, 0, 4, 1], "rotation": 90, "texture": "#props", "cullface": "west"},
				"down": {"uv": [1, 6, 4, 7], "rotation": 90, "texture": "#props", "cullface": "west"}
			}
		},
		{
			"from": [0, 3, 8],
			"to": [3, 6, 11],
			"rotation": {"angle": 0, "axis": "y", "origin": [-2, 8, 8]},
			"faces": {
				"north": {"uv": [0, 10, 3, 13], "texture": "#props", "cullface": "west"},
				"east": {"uv": [9, 10, 12, 13], "texture": "#props", "cullface": "west"},
				"south": {"uv": [6, 10, 9, 13], "texture": "#props", "cullface": "west"},
				"west": {"uv": [3, 10, 6, 13], "texture": "#props", "cullface": "west"},
				"up": {"uv": [3, 7, 6, 10], "rotation": 90, "texture": "#props", "cullface": "west"},
				"down": {"uv": [3, 13, 6, 16], "rotation": 90, "texture": "#props", "cullface": "west"}
			}
		},
		{
			"from": [0, 1, 13],
			"to": [3, 6, 15],
			"faces": {
				"north": {"uv": [14.5, 5.5, 13, 8], "texture": "#books", "cullface": "west"},
				"west": {"uv": [12, 5.5, 13, 8], "texture": "#books", "cullface": "west"},
				"up": {"uv": [13, 4.5, 14.5, 5.5], "texture": "#books", "cullface": "west"}
			}
		},
		{
			"from": [4.09375, 2.0625, 1],
			"to": [6.09375, 7.0625, 4],
			"rotation": {"angle": 22.5, "axis": "z", "origin": [8, 8, 8]},
			"faces": {
				"north": {"uv": [12, 1.5, 13, 4], "texture": "#books", "cullface": "north"},
				"east": {"uv": [14.5, 1.5, 13, 4], "texture": "#books", "cullface": "north"},
				"west": {"uv": [13, 1.5, 14.5, 4], "texture": "#books", "cullface": "north"},
				"up": {"uv": [13, 0.5, 14.5, 1.5], "rotation": 90, "texture": "#books", "cullface": "north"},
				"down": {"uv": [13, 0.5, 14.5, 1.5], "rotation": 270, "texture": "#books", "cullface": "north"}
			}
		},
		{
			"from": [6.09375, 1.21875, 0],
			"to": [7.09375, 6.21875, 4],
			"rotation": {"angle": 22.5, "axis": "z", "origin": [8, 8, 8]},
			"faces": {
				"north": {"uv": [0.5, 9.5, 1, 12], "texture": "#books", "cullface": "north"},
				"east": {"uv": [3, 9.5, 1, 12], "texture": "#books", "cullface": "north"},
				"west": {"uv": [1, 9.5, 3, 12], "texture": "#books", "cullface": "north"},
				"up": {"uv": [1, 9, 3, 9.5], "rotation": 90, "texture": "#books", "cullface": "north"},
				"down": {"uv": [1, 9, 3, 9.5], "rotation": 270, "texture": "#books", "cullface": "north"}
			}
		},
		{
			"from": [13, 1, 1],
			"to": [15, 6, 3],
			"faces": {
				"north": {"uv": [12, 13.5, 13, 16], "texture": "#books", "cullface": "north"},
				"west": {"uv": [13, 13.5, 14, 16], "texture": "#books", "cullface": "north"},
				"up": {"uv": [13, 12.5, 14, 13.5], "rotation": 90, "texture": "#books", "cullface": "north"}
			}
		},
		{
			"from": [12, 1, 0],
			"to": [13, 5, 4],
			"faces": {
				"north": {"uv": [12.5, 9.5, 13, 12], "texture": "#books", "cullface": "north"},
				"east": {"uv": [15, 9.5, 13, 12], "texture": "#books", "cullface": "north"},
				"west": {"uv": [13, 9.5, 15, 12], "texture": "#books", "cullface": "north"},
				"up": {"uv": [13, 9, 15, 9.5], "rotation": 90, "texture": "#books", "cullface": "north"}
			}
		},
		{
			"from": [10, 1, 1],
			"to": [12, 7, 4],
			"faces": {
				"north": {"uv": [3, 9, 4, 12], "texture": "#books", "cullface": "north"},
				"east": {"uv": [5, 9, 4, 12], "texture": "#books", "cullface": "north"},
				"west": {"uv": [4, 9, 5, 12], "texture": "#books", "cullface": "north"}
			}
		},
		{
			"from": [14, 1, 1],
			"to": [16, 7, 2],
			"faces": {
				"east": {"uv": [6.5, 13, 7, 16], "texture": "#books", "cullface": "east"},
				"south": {"uv": [8, 13, 7, 16], "texture": "#books", "cullface": "east"}
			}
		},
		{
			"from": [12, 1, 2],
			"to": [15, 7, 4],
			"faces": {
				"east": {"uv": [3, 1, 4, 4], "texture": "#books", "cullface": "east"},
				"south": {"uv": [5.5, 1, 4, 4], "texture": "#books", "cullface": "east"}
			}
		},
		{
			"from": [1, 1, 13],
			"to": [3, 7, 15],
			"faces": {
				"east": {"uv": [4, 9, 5, 12], "texture": "#books", "cullface": "south"},
				"south": {"uv": [3, 9, 4, 12], "texture": "#books", "cullface": "south"}
			}
		},
		{
			"from": [6.0625, 1, 12.5625],
			"to": [12.0625, 2, 16.5625],
			"rotation": {"angle": -22.5, "axis": "y", "origin": [8, 8, 8]},
			"faces": {
				"east": {"uv": [7, 5, 9, 5.5], "texture": "#books", "cullface": "south"},
				"south": {"uv": [6.5, 5, 7, 8], "rotation": 270, "texture": "#books", "cullface": "south"},
				"west": {"uv": [7, 4.5, 9, 5], "rotation": 180, "texture": "#books", "cullface": "south"},
				"up": {"uv": [7, 5, 9, 8], "rotation": 270, "texture": "#books", "cullface": "south"},
				"down": {"uv": [9, 5, 7, 8], "rotation": 270, "texture": "#books", "cullface": "south"}
			}
		},
		{
			"from": [4, 2, 12],
			"to": [6, 6, 16],
			"faces": {
				"east": {"uv": [10, 2, 12, 4], "texture": "#books", "cullface": "south"},
				"south": {"uv": [9, 2, 10, 4], "texture": "#books", "cullface": "south"},
				"west": {"uv": [12, 2, 10, 4], "texture": "#books", "cullface": "south"},
				"up": {"uv": [10, 1, 12, 2], "rotation": 270, "texture": "#books", "cullface": "south"},
				"down": {"uv": [10, 1, 12, 2], "rotation": 90, "texture": "#books", "cullface": "south"}
			}
		},
		{
			"from": [5.40625, 2.5625, 12],
			"to": [6.40625, 7.5625, 16],
			"rotation": {"angle": 22.5, "axis": "z", "origin": [8, 8, 8]},
			"faces": {
				"east": {"uv": [1, 1.5, 3, 4], "texture": "#books", "cullface": "south"},
				"south": {"uv": [0.5, 1.5, 1, 4], "texture": "#books", "cullface": "south"},
				"west": {"uv": [3, 1.5, 1, 4], "texture": "#books", "cullface": "south"},
				"up": {"uv": [1, 1, 3, 1.5], "rotation": 270, "texture": "#books", "cullface": "south"},
				"down": {"uv": [1, 3.5, 3, 4], "rotation": 90, "texture": "#books", "cullface": "south"}
			}
		},
		{
			"from": [10, 1, 12],
			"to": [11, 7, 15],
			"faces": {
				"east": {"uv": [7, 13, 8.5, 16], "texture": "#books", "cullface": "south"},
				"south": {"uv": [6.5, 13, 7, 16], "texture": "#books", "cullface": "south"},
				"west": {"uv": [8.5, 13, 7, 16], "texture": "#books", "cullface": "south"}
			}
		},
		{
			"from": [11, 1, 12],
			"to": [13, 6, 16],
			"faces": {
				"east": {"uv": [13, 13.5, 15, 16], "texture": "#books", "cullface": "south"},
				"south": {"uv": [12, 13.5, 13, 16], "texture": "#books", "cullface": "south"},
				"west": {"uv": [15, 13.5, 13, 16], "texture": "#books", "cullface": "south"},
				"up": {"uv": [13, 12.5, 15, 13.5], "rotation": 270, "texture": "#books", "cullface": "south"}
			}
		},
		{
			"from": [14, 1, 14],
			"to": [15, 6, 15],
			"faces": {
				"south": {"uv": [0.5, 9.5, 1, 12], "texture": "#books", "cullface": "south"},
				"west": {"uv": [1.5, 9.5, 1, 12], "texture": "#books", "cullface": "south"},
				"up": {"uv": [1, 9, 1.5, 9.5], "rotation": 270, "texture": "#books", "cullface": "south"}
			}
		},
		{
			"from": [13, 1, 13],
			"to": [14, 4, 16],
			"faces": {
				"east": {"uv": [1, 6.5, 2.5, 8], "texture": "#books", "cullface": "south"},
				"south": {"uv": [0.5, 6.5, 1, 8], "texture": "#books", "cullface": "south"},
				"up": {"uv": [1, 6, 2.5, 6.5], "rotation": 270, "texture": "#books", "cullface": "south"}
			}
		},
		{
			"from": [13, 1, 13],
			"to": [15, 7, 15],
			"faces": {
				"east": {"uv": [6, 9, 7, 12], "texture": "#books", "cullface": "east"}
			}
		},
		{
			"from": [13, 1, 11],
			"to": [16, 7, 13],
			"faces": {
				"north": {"uv": [7, 1, 8.5, 4], "texture": "#books", "cullface": "east"},
				"east": {"uv": [6, 1, 7, 4], "texture": "#books", "cullface": "east"},
				"south": {"uv": [8.5, 1, 7, 4], "texture": "#books", "cullface": "east"}
			}
		},
		{
			"from": [12, 1, 11],
			"to": [13, 7, 12],
			"faces": {
				"north": {"uv": [8.5, 1, 9, 4], "texture": "#books", "cullface": "east"}
			}
		},
		{
			"from": [12, 1.96875, 10.6875],
			"to": [16, 6.96875, 11.6875],
			"rotation": {"angle": 22.5, "axis": "x", "origin": [8, 8, 8]},
			"faces": {
				"north": {"uv": [13, 9.5, 15, 12], "texture": "#books", "cullface": "east"},
				"east": {"uv": [12.5, 9.5, 13, 12], "texture": "#books", "cullface": "east"},
				"south": {"uv": [15, 9.5, 13, 12], "texture": "#books", "cullface": "east"},
				"up": {"uv": [13, 9, 15, 9.5], "rotation": 180, "texture": "#books", "cullface": "east"},
				"down": {"uv": [13, 9, 15, 9.5], "rotation": 180, "texture": "#books", "cullface": "east"}
			}
		},
		{
			"from": [12, 1, 4],
			"to": [16, 3, 8],
			"faces": {
				"north": {"uv": [10, 5, 12, 6], "texture": "#books", "cullface": "east"},
				"east": {"uv": [9, 6, 10, 8], "rotation": 270, "texture": "#books", "cullface": "east"},
				"south": {"uv": [10, 5, 12, 6], "rotation": 180, "texture": "#books", "cullface": "east"},
				"up": {"uv": [10, 6, 12, 8], "rotation": 180, "texture": "#books", "cullface": "east"}
			}
		},
		{
			"from": [12, 3, 4],
			"to": [16, 6, 5],
			"faces": {
				"north": {"uv": [1, 14.5, 3, 16], "texture": "#books", "cullface": "east"},
				"east": {"uv": [0.5, 14.5, 1, 16], "texture": "#books", "cullface": "east"},
				"south": {"uv": [3, 14.5, 1, 16], "texture": "#books", "cullface": "east"},
				"up": {"uv": [1, 14, 3, 14.5], "rotation": 180, "texture": "#books", "cullface": "east"}
			}
		},
		{
			"from": [12, 4.09375, 4.40625],
			"to": [15, 7.09375, 5.40625],
			"rotation": {"angle": -22.5, "axis": "x", "origin": [8, 8, 8]},
			"faces": {
				"north": {"uv": [1, 6.5, 2.5, 8], "texture": "#books", "cullface": "east"},
				"east": {"uv": [0.5, 6.5, 1, 8], "texture": "#books", "cullface": "east"},
				"south": {"uv": [2.5, 6.5, 1, 8], "texture": "#books", "cullface": "east"},
				"up": {"uv": [1, 6, 3, 6.5], "rotation": 180, "texture": "#books", "cullface": "east"},
				"down": {"uv": [1, 6, 3, 6.5], "rotation": 180, "texture": "#books", "cullface": "east"}
			}
		}
	]
}