{
  "betteranimalsplus:root": {
    "criteria": {
      "tick": "2023-08-30 14:06:05 +0300"
    },
    "done": true
  },
  "cfm:root": {
    "criteria": {
      "tick": "2023-08-30 14:06:05 +0300"
    },
    "done": true
  },
  "cfm:install": {
    "criteria": {
      "tick": "2023-08-30 14:06:05 +0300"
    },
    "done": true
  },
  "minecraft:adventure/adventuring_time": {
    "criteria": {
      "plains": "2023-08-30 14:06:04 +0300",
      "roofed_forest": "2023-08-30 14:06:22 +0300"
    },
    "done": false
  }
}