{
	"multipart": [
		{
			"when": { "shape": "north_south", "powered": false },
			"apply": { "model": "rail/power_straight_off", "y": 0 }
		},
		{
			"when": { "shape": "east_west", "powered": false },
			"apply": { "model": "rail/power_straight_off", "y": 90 }
		},
		{
			"when": { "shape": "ascending_north", "powered": false },
			"apply": { "model": "rail/power_slope_off", "y": 0 }
		},
		{
			"when": { "shape": "ascending_east", "powered": false },
			"apply": { "model": "rail/power_slope_off", "y": 90 }
		},
		{
			"when": { "shape": "ascending_south", "powered": false },
			"apply": { "model": "rail/power_slope_off", "y": 180 }
		},
		{
			"when": { "shape": "ascending_west", "powered": false },
			"apply": { "model": "rail/power_slope_off", "y": 270 }
		},
		{
			"when": { "shape": "north_south", "powered": true },
			"apply": { "model": "rail/power_straight_on", "y": 0 }
		},
		{
			"when": { "shape": "east_west", "powered": true },
			"apply": { "model": "rail/power_straight_on", "y": 90 }
		},
		{
			"when": { "shape": "ascending_north", "powered": true },
			"apply": { "model": "rail/power_slope_on", "y": 0 }
		},
		{
			"when": { "shape": "ascending_east", "powered": true },
			"apply": { "model": "rail/power_slope_on", "y": 90 }
		},
		{
			"when": { "shape": "ascending_south", "powered": true },
			"apply": { "model": "rail/power_slope_on", "y": 180 }
		},
		{
			"when": { "shape": "ascending_west", "powered": true },
			"apply": { "model": "rail/power_slope_on", "y": 270 }
		},
		{
			"when": { "shape": "north_south" },
			"apply": { "model": "rail/base_straight", "y": 0 }
		},
		{
			"when": { "shape": "east_west" },
			"apply": { "model": "rail/base_straight", "y": 90 }
		},
		{
			"when": { "shape": "ascending_north" },
			"apply": { "model": "rail/base_slope", "y": 0 }
		},
		{
			"when": { "shape": "ascending_east" },
			"apply": { "model": "rail/base_slope", "y": 90 }
		},
		{
			"when": { "shape": "ascending_south" },
			"apply": { "model": "rail/base_slope", "y": 180 }
		},
		{
			"when": { "shape": "ascending_west" },
			"apply": { "model": "rail/base_slope", "y": 270 }
		}
	]
}