{
	"multipart": [
		{
			"apply": { "model": "ore/side_coal", "y": 0 }
		},
		{
			"apply": { "model": "ore/side_coal", "y": 90 }
		},
		{
			"apply": { "model": "ore/side_coal", "y": 180 }
		},
		{
			"apply": { "model": "ore/side_coal", "y": 270 }
		},
		{
			"apply": { "model": "ore/side_coal", "y": 180, "x": 90 }
		},
		{
			"apply": { "model": "ore/side_coal", "y": 180, "x": 270 }
		},
		{
			"apply": [
				{ "model": "stone" },
				{ "model": "stone_mirrored" },
				{ "model": "stone", "y": 180 },
				{ "model": "stone_mirrored", "y": 180 }
			]
		}
	]
}