{
	"multipart": [
		{
			"when": { "facing": "north" },
			"apply": { "model": "dispenser/tube_dispenser_horizontal", "y": 0 }
		},
		{
			"when": { "facing": "east" },
			"apply": { "model": "dispenser/tube_dispenser_horizontal", "y": 90 }
		},
		{
			"when": { "facing": "south" },
			"apply": { "model": "dispenser/tube_dispenser_horizontal", "y": 180 }
		},
		{
			"when": { "facing": "west" },
			"apply": { "model": "dispenser/tube_dispenser_horizontal", "y": 270 }
		},
        {
			"when": { "facing": "up" },
			"apply": { "model": "dispenser/tube_dispenser_vertical", "y": 0 }
		},
        {
			"when": { "facing": "down" },
			"apply": { "model": "dispenser/tube_dispenser_vertical", "x": 180 }
		},
		{
			"when": { "facing": "north", "triggered": false },
			"apply": { "model": "dispenser/face_off", "y": 0 }
		},
		{
			"when": { "facing": "east", "triggered": false },
			"apply": { "model": "dispenser/face_off", "y": 90 }
		},
		{
			"when": { "facing": "south", "triggered": false },
			"apply": { "model": "dispenser/face_off", "y": 180 }
		},
		{
			"when": { "facing": "west", "triggered": false },
			"apply": { "model": "dispenser/face_off", "y": 270 }
		},
		{
			"when": { "facing": "north", "triggered": true },
			"apply": { "model": "dispenser/face_on", "y": 0 }
		},
		{
			"when": { "facing": "east", "triggered": true },
			"apply": { "model": "dispenser/face_on", "y": 90 }
		},
		{
			"when": { "facing": "south", "triggered": true },
			"apply": { "model": "dispenser/face_on", "y": 180 }
		},
		{
			"when": { "facing": "west", "triggered": true },
			"apply": { "model": "dispenser/face_on", "y": 270 }
		},
		{
			"when": { "facing": "east|south|west" },
			"apply": { "model": "furnace/side", "y": 0 }
		},
		{
			"when": { "facing": "south|west|north" },
			"apply": { "model": "furnace/side", "y": 90 }
		},
		{
			"when": { "facing": "west|north|east" },
			"apply": { "model": "furnace/side", "y": 180 }
		},
		{
			"when": { "facing": "north|east|south" },
			"apply": { "model": "furnace/side", "y": 270 }
		},
		{
			"when": { "facing": "up|down" },
			"apply": { "model": "furnace/top", "x": 90, "y": 0 }
		},
		{
			"when": { "facing": "up|down" },
			"apply": { "model": "furnace/top", "x": 90, "y": 90 }
		},
		{
			"when": { "facing": "up|down" },
			"apply": { "model": "furnace/top", "x": 90, "y": 180 }
		},
		{
			"when": { "facing": "up|down" },
			"apply": { "model": "furnace/top", "x": 90, "y": 270 }
		},
		{
			"when": { "facing": "north|east|south|west|down" },
			"apply": { "model": "furnace/top", "y": 0 }
		},
		{
			"when": { "facing": "north|east|south|west|up" },
			"apply": { "model": "furnace/top", "x": 180 }
		}
	]
}