{
	"multipart": [
        {
			"when": { "contents": "empty" },
			"apply": { "model": "flower_pot" }
		},
        {
			"when": { "contents": "rose" },
			"apply": { "model": "flower_pot_rose" }
		},
		{
			"when": { "contents": "blue_orchid" },
			"apply": { "model": "flower_pot_orchid" }
		},
		{
			"when": { "contents": "allium" },
			"apply": { "model": "flower_pot_allium" }
		},
		{
			"when": { "contents": "houstonia" },
			"apply": { "model": "flower_pot_houstonia" }
		},
		{
			"when": { "contents": "oxeye_daisy" },
			"apply": { "model": "flower_pot_daisy" }
		},
		{
			"when": { "contents": "dandelion" },
			"apply": { "model": "flower_pot_dandelion" }
		},
		{
			"when": { "contents": "oak_sapling" },
			"apply": { "model": "flower_pot_oak" }
		},
		{
			"when": { "contents": "spruce_sapling" },
			"apply": { "model": "flower_pot_spruce" }
		},
		{
			"when": { "contents": "birch_sapling" },
			"apply": { "model": "flower_pot_birch" }
		},
		{
			"when": { "contents": "jungle_sapling" },
			"apply": { "model": "flower_pot_jungle" }
		},
		{
			"when": { "contents": "acacia_sapling" },
			"apply": { "model": "flower_pot_acacia" }
		},
		{
			"when": { "contents": "dark_oak_sapling" },
			"apply": { "model": "flower_pot_dark_oak" }
		},
		{
			"when": { "contents": "mushroom_red" },
			"apply": { "model": "flower_pot_mushroom_red" }
		},
		{
			"when": { "contents": "mushroom_brown" },
			"apply": { "model": "flower_pot_mushroom_brown" }
		},
		{
			"when": { "contents": "dead_bush" },
			"apply": { "model": "flower_pot_dead_bush" }
		},
		{
			"when": { "contents": "fern" },
			"apply": { "model": "flower_pot_fern" }
		},
		{
			"when": { "contents": "cactus" },
			"apply": { "model": "flower_pot_cactus" }
		},
		{
			"when": { "contents": "orange_tulip|pink_tulip|red_tulip|white_tulip" },
			"apply": [
				{ "model": "flower_pot", "y": 0 },
				{ "model": "flower_pot", "y": 90 },
				{ "model": "flower_pot", "y": 180 },
				{ "model": "flower_pot", "y": 270 }
			]
		},
		{
			"when": { "contents": "orange_tulip" },
			"apply": [
				{ "model": "potted_tulip/head_orange_0", "weight": 10, "y": 0 },
				{ "model": "potted_tulip/head_orange_0", "weight": 10, "y": 90 },
				{ "model": "potted_tulip/head_orange_0", "weight": 10, "y": 180 },
				{ "model": "potted_tulip/head_orange_0", "weight": 10, "y": 270 },
				{ "model": "potted_tulip/head_orange_1", "weight": 10, "y": 0 },
				{ "model": "potted_tulip/head_orange_1", "weight": 10, "y": 90 },
				{ "model": "potted_tulip/head_orange_1", "weight": 10, "y": 180 },
				{ "model": "potted_tulip/head_orange_1", "weight": 10, "y": 270 }
			]
		},
		{
			"when": { "contents": "pink_tulip" },
			"apply": [
				{ "model": "potted_tulip/head_pink_0", "weight": 10, "y": 0 },
				{ "model": "potted_tulip/head_pink_0", "weight": 10, "y": 90 },
				{ "model": "potted_tulip/head_pink_0", "weight": 10, "y": 180 },
				{ "model": "potted_tulip/head_pink_0", "weight": 10, "y": 270 },
				{ "model": "potted_tulip/head_pink_1", "weight": 10, "y": 0 },
				{ "model": "potted_tulip/head_pink_1", "weight": 10, "y": 90 },
				{ "model": "potted_tulip/head_pink_1", "weight": 10, "y": 180 },
				{ "model": "potted_tulip/head_pink_1", "weight": 10, "y": 270 }
			]
		},
		{
			"when": { "contents": "red_tulip" },
			"apply": [
				{ "model": "potted_tulip/head_red_0", "weight": 10, "y": 0 },
				{ "model": "potted_tulip/head_red_0", "weight": 10, "y": 90 },
				{ "model": "potted_tulip/head_red_0", "weight": 10, "y": 180 },
				{ "model": "potted_tulip/head_red_0", "weight": 10, "y": 270 },
				{ "model": "potted_tulip/head_red_1", "weight": 10, "y": 0 },
				{ "model": "potted_tulip/head_red_1", "weight": 10, "y": 90 },
				{ "model": "potted_tulip/head_red_1", "weight": 10, "y": 180 },
				{ "model": "potted_tulip/head_red_1", "weight": 10, "y": 270 }
			]
		},
		{
			"when": { "contents": "white_tulip" },
			"apply": [
				{ "model": "potted_tulip/head_white_0", "weight": 10, "y": 0 },
				{ "model": "potted_tulip/head_white_0", "weight": 10, "y": 90 },
				{ "model": "potted_tulip/head_white_0", "weight": 10, "y": 180 },
				{ "model": "potted_tulip/head_white_0", "weight": 10, "y": 270 },
				{ "model": "potted_tulip/head_white_1", "weight": 10, "y": 0 },
				{ "model": "potted_tulip/head_white_1", "weight": 10, "y": 90 },
				{ "model": "potted_tulip/head_white_1", "weight": 10, "y": 180 },
				{ "model": "potted_tulip/head_white_1", "weight": 10, "y": 270 }
			]
		},
		{
			"when": { "contents": "orange_tulip|pink_tulip|red_tulip|white_tulip" },
			"apply": [
				{ "model": "potted_tulip/stalk_0", "weight": 11, "y": 0 },
				{ "model": "potted_tulip/stalk_0", "weight": 10, "y": 90 },
				{ "model": "potted_tulip/stalk_0", "weight": 10, "y": 180 },
				{ "model": "potted_tulip/stalk_0", "weight": 10, "y": 270 },
				{ "model": "potted_tulip/stalk_1", "weight": 10, "y": 0 },
				{ "model": "potted_tulip/stalk_1", "weight": 10, "y": 90 },
				{ "model": "potted_tulip/stalk_1", "weight": 10, "y": 180 },
				{ "model": "potted_tulip/stalk_1", "weight": 10, "y": 270 }
			]
		},
		{
			"when": { "contents": "orange_tulip|pink_tulip|red_tulip|white_tulip" },
			"apply": [
				{ "model": "generic_empty", "weight": 40 },
				{ "model": "potted_tulip/leaf_straight_0", "weight": 10, "y": 0 },
				{ "model": "potted_tulip/leaf_straight_1", "weight": 10, "y": 0 },
				{ "model": "potted_tulip/leaf_straight_2", "weight": 10, "y": 0 },
				{ "model": "potted_tulip/leaf_straight_3", "weight": 10, "y": 0 },
				{ "model": "potted_tulip/leaf_straight_4", "weight": 10, "y": 0 },
				{ "model": "potted_tulip/leaf_straight_5", "weight": 10, "y": 0 },
				{ "model": "potted_tulip/leaf_straight_6", "weight": 10, "y": 0 },
				{ "model": "potted_tulip/leaf_straight_7", "weight": 10, "y": 0 }
			]
		},
		{
			"when": { "contents": "orange_tulip|pink_tulip|red_tulip|white_tulip" },
			"apply": [
				{ "model": "generic_empty", "weight": 41 },
				{ "model": "potted_tulip/leaf_diagonal_1", "weight": 10, "y": 0 },
				{ "model": "potted_tulip/leaf_diagonal_2", "weight": 10, "y": 0 },
				{ "model": "potted_tulip/leaf_diagonal_3", "weight": 10, "y": 0 },
				{ "model": "potted_tulip/leaf_diagonal_4", "weight": 10, "y": 0 },
				{ "model": "potted_tulip/leaf_diagonal_5", "weight": 10, "y": 0 },
				{ "model": "potted_tulip/leaf_diagonal_6", "weight": 10, "y": 0 },
				{ "model": "potted_tulip/leaf_diagonal_7", "weight": 10, "y": 0 },
				{ "model": "potted_tulip/leaf_diagonal_0", "weight": 10, "y": 0 }
			]
		},
		{
			"when": { "contents": "orange_tulip|pink_tulip|red_tulip|white_tulip" },
			"apply": [
				{ "model": "generic_empty", "weight": 42 },
				{ "model": "potted_tulip/leaf_straight_2", "weight": 10, "y": 90 },
				{ "model": "potted_tulip/leaf_straight_3", "weight": 10, "y": 90 },
				{ "model": "potted_tulip/leaf_straight_4", "weight": 10, "y": 90 },
				{ "model": "potted_tulip/leaf_straight_5", "weight": 10, "y": 90 },
				{ "model": "potted_tulip/leaf_straight_6", "weight": 10, "y": 90 },
				{ "model": "potted_tulip/leaf_straight_7", "weight": 10, "y": 90 },
				{ "model": "potted_tulip/leaf_straight_0", "weight": 10, "y": 90 },
				{ "model": "potted_tulip/leaf_straight_1", "weight": 10, "y": 90 }
			]
		},
		{
			"when": { "contents": "orange_tulip|pink_tulip|red_tulip|white_tulip" },
			"apply": [
				{ "model": "generic_empty", "weight": 43 },
				{ "model": "potted_tulip/leaf_diagonal_3", "weight": 10, "y": 90 },
				{ "model": "potted_tulip/leaf_diagonal_4", "weight": 10, "y": 90 },
				{ "model": "potted_tulip/leaf_diagonal_5", "weight": 10, "y": 90 },
				{ "model": "potted_tulip/leaf_diagonal_6", "weight": 10, "y": 90 },
				{ "model": "potted_tulip/leaf_diagonal_7", "weight": 10, "y": 90 },
				{ "model": "potted_tulip/leaf_diagonal_0", "weight": 10, "y": 90 },
				{ "model": "potted_tulip/leaf_diagonal_1", "weight": 10, "y": 90 },
				{ "model": "potted_tulip/leaf_diagonal_2", "weight": 10, "y": 90 }
			]
		},
		{
			"when": { "contents": "orange_tulip|pink_tulip|red_tulip|white_tulip" },
			"apply": [
				{ "model": "generic_empty", "weight": 44 },
				{ "model": "potted_tulip/leaf_straight_4", "weight": 10, "y": 180 },
				{ "model": "potted_tulip/leaf_straight_5", "weight": 10, "y": 180 },
				{ "model": "potted_tulip/leaf_straight_6", "weight": 10, "y": 180 },
				{ "model": "potted_tulip/leaf_straight_7", "weight": 10, "y": 180 },
				{ "model": "potted_tulip/leaf_straight_0", "weight": 10, "y": 180 },
				{ "model": "potted_tulip/leaf_straight_1", "weight": 10, "y": 180 },
				{ "model": "potted_tulip/leaf_straight_2", "weight": 10, "y": 180 },
				{ "model": "potted_tulip/leaf_straight_3", "weight": 10, "y": 180 }
			]
		},
		{
			"when": { "contents": "orange_tulip|pink_tulip|red_tulip|white_tulip" },
			"apply": [
				{ "model": "generic_empty", "weight": 45 },
				{ "model": "potted_tulip/leaf_diagonal_5", "weight": 10, "y": 180 },
				{ "model": "potted_tulip/leaf_diagonal_6", "weight": 10, "y": 180 },
				{ "model": "potted_tulip/leaf_diagonal_7", "weight": 10, "y": 180 },
				{ "model": "potted_tulip/leaf_diagonal_0", "weight": 10, "y": 180 },
				{ "model": "potted_tulip/leaf_diagonal_1", "weight": 10, "y": 180 },
				{ "model": "potted_tulip/leaf_diagonal_2", "weight": 10, "y": 180 },
				{ "model": "potted_tulip/leaf_diagonal_3", "weight": 10, "y": 180 },
				{ "model": "potted_tulip/leaf_diagonal_4", "weight": 10, "y": 180 }
			]
		},
		{
			"when": { "contents": "orange_tulip|pink_tulip|red_tulip|white_tulip" },
			"apply": [
				{ "model": "generic_empty", "weight": 46 },
				{ "model": "potted_tulip/leaf_straight_6", "weight": 10, "y": 270 },
				{ "model": "potted_tulip/leaf_straight_7", "weight": 10, "y": 270 },
				{ "model": "potted_tulip/leaf_straight_0", "weight": 10, "y": 270 },
				{ "model": "potted_tulip/leaf_straight_1", "weight": 10, "y": 270 },
				{ "model": "potted_tulip/leaf_straight_2", "weight": 10, "y": 270 },
				{ "model": "potted_tulip/leaf_straight_3", "weight": 10, "y": 270 },
				{ "model": "potted_tulip/leaf_straight_4", "weight": 10, "y": 270 },
				{ "model": "potted_tulip/leaf_straight_5", "weight": 10, "y": 270 }
			]
		},
		{
			"when": { "contents": "orange_tulip|pink_tulip|red_tulip|white_tulip" },
			"apply": [
				{ "model": "generic_empty", "weight": 47 },
				{ "model": "potted_tulip/leaf_diagonal_7", "weight": 10, "y": 270 },
				{ "model": "potted_tulip/leaf_diagonal_0", "weight": 10, "y": 270 },
				{ "model": "potted_tulip/leaf_diagonal_1", "weight": 10, "y": 270 },
				{ "model": "potted_tulip/leaf_diagonal_2", "weight": 10, "y": 270 },
				{ "model": "potted_tulip/leaf_diagonal_3", "weight": 10, "y": 270 },
				{ "model": "potted_tulip/leaf_diagonal_4", "weight": 10, "y": 270 },
				{ "model": "potted_tulip/leaf_diagonal_5", "weight": 10, "y": 270 },
				{ "model": "potted_tulip/leaf_diagonal_6", "weight": 10, "y": 270 }
			]
		}
	]
}