{
	"multipart": [
		{
			"apply": [
				{ "model": "iron_bars/post", "y": 0 },
				{ "model": "iron_bars/post", "y": 90 },
				{ "model": "iron_bars/post", "y": 180 },
				{ "model": "iron_bars/post", "y": 270 }
			]
		},
		{
			"when": { "north": true },
			"apply": { "model": "iron_bars/north_east", "y": 0 }
		},
		{
			"when": { "east": true },
			"apply": { "model": "iron_bars/north_east", "y": 90 }
		},
		{
			"when": { "south": true },
			"apply": { "model": "iron_bars/south_west", "y": 0 }
		},
		{
			"when": { "west": true },
			"apply": { "model": "iron_bars/south_west", "y": 90 }
		}
	]
}