{
	"multipart": [
		{
			"when": { "facing": "north" },
			"apply": { "model": "furnace/front_on" }
		},
		{
			"when": { "facing": "east" },
			"apply": { "model": "furnace/front_on", "y": 90 }
		},
		{
			"when": { "facing": "south" },
			"apply": { "model": "furnace/front_on", "y": 180 }
		},
		{
			"when": { "facing": "west" },
			"apply": { "model": "furnace/front_on", "y": 270 }
		},
		{
			"when": { "facing": "north" },
			"apply": { "model": "furnace/contents" }
		},
		{
			"when": { "facing": "east" },
			"apply": { "model": "furnace/contents", "y": 90 }
		},
		{
			"when": { "facing": "south" },
			"apply": { "model": "furnace/contents", "y": 180 }
		},
		{
			"when": { "facing": "west" },
			"apply": { "model": "furnace/contents", "y": 270 }
		},
		{
			"when": { "facing": "east|south|west" },
			"apply": { "model": "furnace/side" }
		},
		{
			"when": { "facing": "south|west|north" },
			"apply": { "model": "furnace/side", "y": 90 }
		},
		{
			"when": { "facing": "west|north|east" },
			"apply": { "model": "furnace/side", "y": 180 }
		},
		{
			"when": { "facing": "north|east|south" },
			"apply": { "model": "furnace/side", "y": 270 }
		},
		{
			"apply": { "model": "furnace/top" }
		},
		{
			"apply": { "model": "furnace/top", "x": 180 }
		}
	]
}