{
	"multipart": [
		{
			"apply": [
				{ "model": "tulip/head_orange_0", "weight": 10, "y": 0 },
				{ "model": "tulip/head_orange_0", "weight": 10, "y": 90 },
				{ "model": "tulip/head_orange_0", "weight": 10, "y": 180 },
				{ "model": "tulip/head_orange_0", "weight": 10, "y": 270 },
				{ "model": "tulip/head_orange_1", "weight": 10, "y": 0 },
				{ "model": "tulip/head_orange_1", "weight": 10, "y": 90 },
				{ "model": "tulip/head_orange_1", "weight": 10, "y": 180 },
				{ "model": "tulip/head_orange_1", "weight": 10, "y": 270 }
			]
		},
		{
			"apply": [
				{ "model": "tulip/stalk_0", "weight": 11, "y": 0 },
				{ "model": "tulip/stalk_0", "weight": 10, "y": 90 },
				{ "model": "tulip/stalk_0", "weight": 10, "y": 180 },
				{ "model": "tulip/stalk_0", "weight": 10, "y": 270 },
				{ "model": "tulip/stalk_1", "weight": 10, "y": 0 },
				{ "model": "tulip/stalk_1", "weight": 10, "y": 90 },
				{ "model": "tulip/stalk_1", "weight": 10, "y": 180 },
				{ "model": "tulip/stalk_1", "weight": 10, "y": 270 }
			]
		},
		{
			"apply": [
				{ "model": "generic_empty", "weight": 40 },
				{ "model": "tulip/leaf_straight_0", "weight": 10, "y": 0 },
				{ "model": "tulip/leaf_straight_1", "weight": 10, "y": 0 },
				{ "model": "tulip/leaf_straight_2", "weight": 10, "y": 0 },
				{ "model": "tulip/leaf_straight_3", "weight": 10, "y": 0 },
				{ "model": "tulip/leaf_straight_4", "weight": 10, "y": 0 },
				{ "model": "tulip/leaf_straight_5", "weight": 10, "y": 0 },
				{ "model": "tulip/leaf_straight_6", "weight": 10, "y": 0 },
				{ "model": "tulip/leaf_straight_7", "weight": 10, "y": 0 }
			]
		},
		{
			"apply": [
				{ "model": "generic_empty", "weight": 41 },
				{ "model": "tulip/leaf_diagonal_1", "weight": 10, "y": 0 },
				{ "model": "tulip/leaf_diagonal_2", "weight": 10, "y": 0 },
				{ "model": "tulip/leaf_diagonal_3", "weight": 10, "y": 0 },
				{ "model": "tulip/leaf_diagonal_4", "weight": 10, "y": 0 },
				{ "model": "tulip/leaf_diagonal_5", "weight": 10, "y": 0 },
				{ "model": "tulip/leaf_diagonal_6", "weight": 10, "y": 0 },
				{ "model": "tulip/leaf_diagonal_7", "weight": 10, "y": 0 },
				{ "model": "tulip/leaf_diagonal_0", "weight": 10, "y": 0 }
			]
		},
		{
			"apply": [
				{ "model": "generic_empty", "weight": 42 },
				{ "model": "tulip/leaf_straight_2", "weight": 10, "y": 90 },
				{ "model": "tulip/leaf_straight_3", "weight": 10, "y": 90 },
				{ "model": "tulip/leaf_straight_4", "weight": 10, "y": 90 },
				{ "model": "tulip/leaf_straight_5", "weight": 10, "y": 90 },
				{ "model": "tulip/leaf_straight_6", "weight": 10, "y": 90 },
				{ "model": "tulip/leaf_straight_7", "weight": 10, "y": 90 },
				{ "model": "tulip/leaf_straight_0", "weight": 10, "y": 90 },
				{ "model": "tulip/leaf_straight_1", "weight": 10, "y": 90 }
			]
		},
		{
			"apply": [
				{ "model": "generic_empty", "weight": 43 },
				{ "model": "tulip/leaf_diagonal_3", "weight": 10, "y": 90 },
				{ "model": "tulip/leaf_diagonal_4", "weight": 10, "y": 90 },
				{ "model": "tulip/leaf_diagonal_5", "weight": 10, "y": 90 },
				{ "model": "tulip/leaf_diagonal_6", "weight": 10, "y": 90 },
				{ "model": "tulip/leaf_diagonal_7", "weight": 10, "y": 90 },
				{ "model": "tulip/leaf_diagonal_0", "weight": 10, "y": 90 },
				{ "model": "tulip/leaf_diagonal_1", "weight": 10, "y": 90 },
				{ "model": "tulip/leaf_diagonal_2", "weight": 10, "y": 90 }
			]
		},
		{
			"apply": [
				{ "model": "generic_empty", "weight": 44 },
				{ "model": "tulip/leaf_straight_4", "weight": 10, "y": 180 },
				{ "model": "tulip/leaf_straight_5", "weight": 10, "y": 180 },
				{ "model": "tulip/leaf_straight_6", "weight": 10, "y": 180 },
				{ "model": "tulip/leaf_straight_7", "weight": 10, "y": 180 },
				{ "model": "tulip/leaf_straight_0", "weight": 10, "y": 180 },
				{ "model": "tulip/leaf_straight_1", "weight": 10, "y": 180 },
				{ "model": "tulip/leaf_straight_2", "weight": 10, "y": 180 },
				{ "model": "tulip/leaf_straight_3", "weight": 10, "y": 180 }
			]
		},
		{
			"apply": [
				{ "model": "generic_empty", "weight": 45 },
				{ "model": "tulip/leaf_diagonal_5", "weight": 10, "y": 180 },
				{ "model": "tulip/leaf_diagonal_6", "weight": 10, "y": 180 },
				{ "model": "tulip/leaf_diagonal_7", "weight": 10, "y": 180 },
				{ "model": "tulip/leaf_diagonal_0", "weight": 10, "y": 180 },
				{ "model": "tulip/leaf_diagonal_1", "weight": 10, "y": 180 },
				{ "model": "tulip/leaf_diagonal_2", "weight": 10, "y": 180 },
				{ "model": "tulip/leaf_diagonal_3", "weight": 10, "y": 180 },
				{ "model": "tulip/leaf_diagonal_4", "weight": 10, "y": 180 }
			]
		},
		{
			"apply": [
				{ "model": "generic_empty", "weight": 46 },
				{ "model": "tulip/leaf_straight_6", "weight": 10, "y": 270 },
				{ "model": "tulip/leaf_straight_7", "weight": 10, "y": 270 },
				{ "model": "tulip/leaf_straight_0", "weight": 10, "y": 270 },
				{ "model": "tulip/leaf_straight_1", "weight": 10, "y": 270 },
				{ "model": "tulip/leaf_straight_2", "weight": 10, "y": 270 },
				{ "model": "tulip/leaf_straight_3", "weight": 10, "y": 270 },
				{ "model": "tulip/leaf_straight_4", "weight": 10, "y": 270 },
				{ "model": "tulip/leaf_straight_5", "weight": 10, "y": 270 }
			]
		},
		{
			"apply": [
				{ "model": "generic_empty", "weight": 47 },
				{ "model": "tulip/leaf_diagonal_7", "weight": 10, "y": 270 },
				{ "model": "tulip/leaf_diagonal_0", "weight": 10, "y": 270 },
				{ "model": "tulip/leaf_diagonal_1", "weight": 10, "y": 270 },
				{ "model": "tulip/leaf_diagonal_2", "weight": 10, "y": 270 },
				{ "model": "tulip/leaf_diagonal_3", "weight": 10, "y": 270 },
				{ "model": "tulip/leaf_diagonal_4", "weight": 10, "y": 270 },
				{ "model": "tulip/leaf_diagonal_5", "weight": 10, "y": 270 },
				{ "model": "tulip/leaf_diagonal_6", "weight": 10, "y": 270 }
			]
		}
	]
}