{
	"multipart": [
		{
			"apply": [
				{ "model": "sugar_cane/reed_outer_0", "weight": 10, "y": 0 },
				{ "model": "sugar_cane/reed_outer_1", "weight": 10, "y": 0 },
				{ "model": "sugar_cane/reed_outer_2", "weight": 10, "y": 0 },
				{ "model": "sugar_cane/reed_outer_3", "weight": 10, "y": 0 }
			]
		},
		{
			"apply": [
				{ "model": "sugar_cane/reed_outer_0", "weight": 11, "y": 90 },
				{ "model": "sugar_cane/reed_outer_1", "weight": 10, "y": 90 },
				{ "model": "sugar_cane/reed_outer_2", "weight": 10, "y": 90 },
				{ "model": "sugar_cane/reed_outer_3", "weight": 10, "y": 90 }
			]
		},
		{
			"apply": [
				{ "model": "sugar_cane/reed_outer_0", "weight": 12, "y": 180 },
				{ "model": "sugar_cane/reed_outer_1", "weight": 10, "y": 180 },
				{ "model": "sugar_cane/reed_outer_2", "weight": 10, "y": 180 },
				{ "model": "sugar_cane/reed_outer_3", "weight": 10, "y": 180 }
			]
		},
		{
			"apply": [
				{ "model": "sugar_cane/reed_outer_0", "weight": 13, "y": 270 },
				{ "model": "sugar_cane/reed_outer_1", "weight": 10, "y": 270 },
				{ "model": "sugar_cane/reed_outer_2", "weight": 10, "y": 270 },
				{ "model": "sugar_cane/reed_outer_3", "weight": 10, "y": 270 }
			]
		},
		{
			"apply": [
				{ "model": "sugar_cane/reed_inner_0", "weight": 9, "y": 0 },
				{ "model": "sugar_cane/reed_inner_1", "weight": 10, "y": 0 },
				{ "model": "sugar_cane/reed_inner_2", "weight": 10, "y": 0 },
				{ "model": "sugar_cane/reed_inner_3", "weight": 10, "y": 0 }
			]
		},
		{
			"apply": [
				{ "model": "sugar_cane/reed_inner_0", "weight": 8, "y": 90 },
				{ "model": "sugar_cane/reed_inner_1", "weight": 10, "y": 90 },
				{ "model": "sugar_cane/reed_inner_2", "weight": 10, "y": 90 },
				{ "model": "sugar_cane/reed_inner_3", "weight": 10, "y": 90 }
			]
		},
		{
			"apply": [
				{ "model": "sugar_cane/reed_inner_0", "weight": 7, "y": 180 },
				{ "model": "sugar_cane/reed_inner_1", "weight": 10, "y": 180 },
				{ "model": "sugar_cane/reed_inner_2", "weight": 10, "y": 180 },
				{ "model": "sugar_cane/reed_inner_3", "weight": 10, "y": 180 }
			]
		},
		{
			"apply": [
				{ "model": "sugar_cane/reed_inner_0", "weight": 6, "y": 270 },
				{ "model": "sugar_cane/reed_inner_1", "weight": 10, "y": 270 },
				{ "model": "sugar_cane/reed_inner_2", "weight": 10, "y": 270 },
				{ "model": "sugar_cane/reed_inner_3", "weight": 10, "y": 270 }
			]
		}
	]
}