{
	"parent": "minecraft:block/block",
	"elements": [
		{
			"from": [0, 0, 0],
			"to": [16, 16, 16],
			"faces": {
				"north": {"uv": [0, 0, 16, 16], "texture": "#side", "cullface": "north"},
				"east": {"uv": [0, 0, 16, 16], "texture": "#side", "cullface": "east"},
				"south": {"uv": [0, 0, 16, 16], "texture": "#side", "cullface": "south"},
				"west": {"uv": [0, 0, 16, 16], "texture": "#side", "cullface": "west"}
			}
		},
		{
			"from": [2, 0.5, 2],
			"to": [14, 15.5, 14],
			"faces": {
				"up": {"uv": [2, 2, 14, 14], "texture": "#section", "cullface": "up"},
				"down": {"uv": [2, 2, 14, 14], "texture": "#section", "cullface": "down"}
			}
		},
		{
			"from": [1, 15.75, 15],
			"to": [15, 16, 16],
			"faces": {
				"north": {"uv": [1, 15.25, 15, 15], "rotation": 180, "texture": "#bark", "cullface": "up"},
				"up": {"uv": [1, 15, 15, 16], "texture": "#bark", "cullface": "up"}
			}
		},
		{
			"from": [15, 15.75, 0],
			"to": [16, 16, 16],
			"faces": {
				"west": {"uv": [15.25, 0, 15, 16], "rotation": 270, "texture": "#bark", "cullface": "up"},
				"up": {"uv": [15, 0, 16, 16], "texture": "#bark", "cullface": "up"}
			}
		},
		{
			"from": [0, 15.75, 0],
			"to": [1, 16, 16],
			"faces": {
				"east": {"uv": [1, 0, 0.75, 16], "rotation": 90, "texture": "#bark", "cullface": "up"},
				"up": {"uv": [0, 0, 1, 16], "texture": "#bark", "cullface": "up"}
			}
		},
		{
			"from": [1, 15.75, 0],
			"to": [15, 16, 1],
			"faces": {
				"south": {"uv": [1, 1, 15, 0.75], "texture": "#bark", "cullface": "up"},
				"up": {"uv": [1, 0, 15, 1], "texture": "#bark", "cullface": "up"}
			}
		},
		{
			"from": [2, 15.5, 14],
			"to": [14, 15.75, 15],
			"faces": {
				"north": {"uv": [2, 14, 14, 13.75], "rotation": 180, "texture": "#section", "cullface": "up"},
				"up": {"uv": [2, 14, 14, 15], "texture": "#section", "cullface": "up"}
			}
		},
		{
			"from": [14, 15.5, 1],
			"to": [15, 15.75, 15],
			"faces": {
				"west": {"uv": [14, 1, 13.75, 15], "rotation": 270, "texture": "#section", "cullface": "up"},
				"up": {"uv": [14, 1, 15, 15], "texture": "#section", "cullface": "up"}
			}
		},
		{
			"from": [1, 15.5, 1],
			"to": [2, 15.75, 15],
			"faces": {
				"east": {"uv": [2.25, 1, 2, 15], "rotation": 90, "texture": "#section", "cullface": "up"},
				"up": {"uv": [1, 1, 2, 15], "texture": "#section", "cullface": "up"}
			}
		},
		{
			"from": [2, 15.5, 1],
			"to": [14, 15.75, 2],
			"faces": {
				"south": {"uv": [2, 2.25, 14, 2], "texture": "#section", "cullface": "up"},
				"up": {"uv": [2, 1, 14, 2], "texture": "#section", "cullface": "up"}
			}
		},
		{
			"from": [5, 15.5, 11],
			"to": [11, 15.75, 13],
			"faces": {
				"north": {"uv": [5, 11, 11, 10.75], "rotation": 180, "texture": "#section", "cullface": "up"},
				"south": {"uv": [5, 13.25, 11, 13], "texture": "#section", "cullface": "up"},
				"up": {"uv": [5, 11, 11, 13], "texture": "#section", "cullface": "up"}
			}
		},
		{
			"from": [11, 15.5, 3],
			"to": [13, 15.75, 13],
			"faces": {
				"north": {"uv": [11, 2.25, 13, 2], "rotation": 180, "texture": "#section", "cullface": "up"},
				"east": {"uv": [13.25, 3, 13, 13], "rotation": 90, "texture": "#section", "cullface": "up"},
				"south": {"uv": [11, 13.25, 13, 13], "texture": "#section", "cullface": "up"},
				"west": {"uv": [11, 3, 10.75, 13], "rotation": 270, "texture": "#section", "cullface": "up"},
				"up": {"uv": [11, 3, 13, 13], "texture": "#section", "cullface": "up"}
			}
		},
		{
			"from": [3, 15.5, 3],
			"to": [5, 15.75, 13],
			"faces": {
				"north": {"uv": [2, 2.25, 4, 2], "rotation": 180, "texture": "#section", "cullface": "up"},
				"east": {"uv": [5.25, 3, 5, 13], "rotation": 90, "texture": "#section", "cullface": "up"},
				"south": {"uv": [3, 13.25, 5, 13], "texture": "#section", "cullface": "up"},
				"west": {"uv": [3, 3, 2.75, 13], "rotation": 270, "texture": "#section", "cullface": "up"},
				"up": {"uv": [3, 3, 5, 13], "texture": "#section", "cullface": "up"}
			}
		},
		{
			"from": [5, 15.5, 3],
			"to": [11, 15.75, 5],
			"faces": {
				"north": {"uv": [5, 2.25, 11, 2], "rotation": 180, "texture": "#section", "cullface": "up"},
				"south": {"uv": [5, 5.25, 11, 5], "texture": "#section", "cullface": "up"},
				"up": {"uv": [5, 3, 11, 5], "texture": "#section", "cullface": "up"}
			}
		},
		{
			"from": [6, 15.5, 6],
			"to": [10, 15.75, 10],
			"faces": {
				"north": {"uv": [6, 6, 10, 5.75], "rotation": 180, "texture": "#section", "cullface": "up"},
				"east": {"uv": [10.25, 6, 10, 10], "rotation": 90, "texture": "#section", "cullface": "up"},
				"south": {"uv": [6, 10.25, 10, 10], "texture": "#section", "cullface": "up"},
				"west": {"uv": [6, 6, 5.75, 10], "rotation": 270, "texture": "#section", "cullface": "up"},
				"up": {"uv": [6, 6, 10, 10], "texture": "#section", "cullface": "up"}
			}
		},
		{
			"from": [1, 0, 15],
			"to": [15, 0.25, 16],
			"faces": {
				"north": {"uv": [1, 15.25, 15, 15], "texture": "#bark", "cullface": "down"},
				"down": {"uv": [1, 15, 15, 16], "rotation": 180, "texture": "#bark", "cullface": "down"}
			}
		},
		{
			"from": [0, 0, 0],
			"to": [1, 0.25, 16],
			"faces": {
				"east": {"uv": [15.25, 0, 15, 16], "rotation": 90, "texture": "#side", "cullface": "down"},
				"down": {"uv": [15, 0, 16, 16], "rotation": 180, "texture": "#bark", "cullface": "down"}
			}
		},
		{
			"from": [15, 0, 0],
			"to": [16, 0.25, 16],
			"faces": {
				"west": {"uv": [1, 0, 0.75, 16], "rotation": 270, "texture": "#bark", "cullface": "down"},
				"down": {"uv": [0, 0, 1, 16], "rotation": 180, "texture": "#bark", "cullface": "down"}
			}
		},
		{
			"from": [1, 0, 0],
			"to": [15, 0.25, 1],
			"faces": {
				"south": {"uv": [1, 1, 15, 0.75], "rotation": 180, "texture": "#bark", "cullface": "down"},
				"down": {"uv": [1, 0, 15, 1], "rotation": 180, "texture": "#bark", "cullface": "down"}
			}
		},
		{
			"from": [2, 0.25, 14],
			"to": [14, 0.5, 15],
			"faces": {
				"north": {"uv": [2, 14, 14, 13.75], "texture": "#section", "cullface": "down"},
				"down": {"uv": [2, 14, 14, 15], "rotation": 180, "texture": "#section", "cullface": "down"}
			}
		},
		{
			"from": [1, 0.25, 1],
			"to": [2, 0.5, 15],
			"faces": {
				"east": {"uv": [14, 1, 13.75, 15], "rotation": 90, "texture": "#section", "cullface": "down"},
				"down": {"uv": [14, 1, 15, 15], "rotation": 180, "texture": "#section", "cullface": "down"}
			}
		},
		{
			"from": [14, 0.25, 1],
			"to": [15, 0.5, 15],
			"faces": {
				"west": {"uv": [2.25, 1, 2, 15], "rotation": 270, "texture": "#section", "cullface": "down"},
				"down": {"uv": [1, 1, 2, 15], "rotation": 180, "texture": "#section", "cullface": "down"}
			}
		},
		{
			"from": [2, 0.25, 1],
			"to": [14, 0.5, 2],
			"faces": {
				"south": {"uv": [2, 2.25, 14, 2], "rotation": 180, "texture": "#section", "cullface": "down"},
				"down": {"uv": [2, 1, 14, 2], "rotation": 180, "texture": "#section", "cullface": "down"}
			}
		},
		{
			"from": [5, 0.25, 11],
			"to": [11, 0.5, 13],
			"faces": {
				"north": {"uv": [5, 11, 11, 10.75], "texture": "#section", "cullface": "down"},
				"south": {"uv": [5, 13.25, 11, 13], "rotation": 180, "texture": "#section", "cullface": "down"},
				"down": {"uv": [5, 11, 11, 13], "rotation": 180, "texture": "#section", "cullface": "down"}
			}
		},
		{
			"from": [3, 0.25, 3],
			"to": [5, 0.5, 13],
			"faces": {
				"north": {"uv": [11, 2.25, 13, 2], "texture": "#section", "cullface": "down"},
				"east": {"uv": [11, 3, 10.75, 13], "rotation": 90, "texture": "#section", "cullface": "down"},
				"south": {"uv": [11, 13.25, 13, 13], "rotation": 180, "texture": "#section", "cullface": "down"},
				"west": {"uv": [13.25, 3, 13, 13], "rotation": 270, "texture": "#section", "cullface": "down"},
				"down": {"uv": [11, 3, 13, 13], "rotation": 180, "texture": "#section", "cullface": "down"}
			}
		},
		{
			"from": [11, 0.25, 3],
			"to": [13, 0.5, 13],
			"faces": {
				"north": {"uv": [2, 2.25, 4, 2], "texture": "#section", "cullface": "down"},
				"east": {"uv": [3, 3, 2.75, 13], "rotation": 90, "texture": "#section", "cullface": "down"},
				"south": {"uv": [3, 13.25, 5, 13], "rotation": 180, "texture": "#section", "cullface": "down"},
				"west": {"uv": [5.25, 3, 5, 13], "rotation": 270, "texture": "#section", "cullface": "down"},
				"down": {"uv": [3, 3, 5, 13], "rotation": 180, "texture": "#section", "cullface": "down"}
			}
		},
		{
			"from": [5, 0.25, 3],
			"to": [11, 0.5, 5],
			"faces": {
				"north": {"uv": [5, 2.25, 11, 2], "texture": "#section", "cullface": "down"},
				"south": {"uv": [5, 5.25, 11, 5], "rotation": 180, "texture": "#section", "cullface": "down"},
				"down": {"uv": [5, 3, 11, 5], "rotation": 180, "texture": "#section", "cullface": "down"}
			}
		},
		{
			"from": [6, 0.25, 6],
			"to": [10, 0.5, 10],
			"faces": {
				"north": {"uv": [6, 6, 10, 5.75], "texture": "#section", "cullface": "down"},
				"east": {"uv": [6, 6, 5.75, 10], "rotation": 90, "texture": "#section", "cullface": "down"},
				"south": {"uv": [6, 10.25, 10, 10], "rotation": 180, "texture": "#section", "cullface": "down"},
				"west": {"uv": [10.25, 6, 10, 10], "rotation": 270, "texture": "#section", "cullface": "down"},
				"down": {"uv": [6, 6, 10, 10], "rotation": 180, "texture": "#section", "cullface": "down"}
			}
		}
	],
	"groups": [
		{
			"name": "group",
			"origin": [8, 8, 8],
			"children": [0, 1]
		},
		{
			"name": "group",
			"origin": [8, 8, 8],
			"children": [
				{
					"name": "group",
					"origin": [8, 8, 8],
					"children": [2, 3, 4, 5]
				},
				{
					"name": "group",
					"origin": [8, 8, 8],
					"children": [6, 7, 8, 9]
				},
				{
					"name": "group",
					"origin": [8, 8, 8],
					"children": [10, 11, 12, 13]
				}, 14]
		},
		{
			"name": "group",
			"origin": [8, 8, 8],
			"children": [
				{
					"name": "group",
					"origin": [8, 8, 8],
					"children": [15, 16, 17, 18]
				},
				{
					"name": "group",
					"origin": [8, 8, 8],
					"children": [19, 20, 21, 22]
				},
				{
					"name": "group",
					"origin": [8, 8, 8],
					"children": [23, 24, 25, 26]
				}, 27]
		}
	]
}