{
	"ambientocclusion": false,
	"textures": {
		"center": "minecraft:blocks/tulip/center"
	},
	"elements": [
		{
			"from": [6.5, 11, 9.5],
			"to": [9.5, 13, 9.5],
			"faces": {
				"north": {"uv": [9, 3, 6, 5], "texture": "#head"},
				"south": {"uv": [6, 3, 9, 5], "texture": "#head"}
			}
		},
		{
			"from": [6.5, 11, 6.5],
			"to": [6.5, 13, 9.5],
			"faces": {
				"east": {"uv": [12, 3, 9, 5], "texture": "#head"},
				"west": {"uv": [9, 3, 12, 5], "texture": "#head"}
			}
		},
		{
			"from": [6.5, 11, 6.5],
			"to": [9.5, 13, 6.5],
			"faces": {
				"north": {"uv": [0, 3, 3, 5], "texture": "#head"},
				"south": {"uv": [3, 3, 0, 5], "texture": "#head"}
			}
		},
		{
			"from": [9.5, 11, 6.5],
			"to": [9.5, 13, 9.5],
			"faces": {
				"east": {"uv": [3, 3, 6, 5], "texture": "#head"},
				"west": {"uv": [6, 3, 3, 5], "texture": "#head"}
			}
		},
		{
			"from": [7.5, 11, 7.5],
			"to": [8.5, 11.5, 8.5],
			"faces": {
				"north": {"uv": [3, 1, 4, 1.5], "texture": "#center"},
				"east": {"uv": [2, 1, 3, 1.5], "texture": "#center"},
				"south": {"uv": [1, 1, 2, 1.5], "texture": "#center"},
				"west": {"uv": [0, 1, 1, 1.5], "texture": "#center"},
				"up": {"uv": [1, 0, 2, 1], "texture": "#center"}
			}
		},
		{
			"from": [6.5, 10, 6.5],
			"to": [9.5, 11, 9.5],
			"faces": {
				"north": {"uv": [0, 5, 3, 6], "texture": "#head"},
				"east": {"uv": [3, 5, 6, 6], "texture": "#head"},
				"south": {"uv": [6, 5, 9, 6], "texture": "#head"},
				"west": {"uv": [9, 5, 12, 6], "texture": "#head"},
				"up": {"uv": [6, 0, 3, 3], "rotation": 180, "texture": "#head"},
				"down": {"uv": [3, 6, 6, 9], "rotation": 270, "texture": "#head"}
			}
		},
		{
			"from": [7, 9, 7],
			"to": [9, 10, 9],
			"faces": {
				"north": {"uv": [0, 13, 2, 14], "texture": "#head"},
				"east": {"uv": [2, 13, 4, 14], "texture": "#head"},
				"south": {"uv": [4, 13, 6, 14], "texture": "#head"},
				"west": {"uv": [6, 13, 8, 14], "texture": "#head"},
				"down": {"uv": [2, 14, 4, 16], "rotation": 180, "texture": "#head"}
			}
		}
	]
}