{
	"textures": {
		"front": "minecraft:blocks/furnace/front",
		"depth": "minecraft:blocks/furnace/depth",
		"interior": "minecraft:blocks/furnace/interior_off",
		"particle": "minecraft:blocks/furnace_front_off"
	},
	"ambientocclusion": false,
	"elements": [
		{
			"from": [0, 0, 0],
			"to": [1, 16, 0.5],
			"faces": {
				"north": {"uv": [15, 0, 16, 16], "texture": "#front", "cullface": "north"},
				"east": {"uv": [15.5, 0, 16, 16], "texture": "#front", "cullface": "north"}
			}
		},
		{
			"from": [15, 0, 0],
			"to": [16, 16, 0.5],
			"faces": {
				"north": {"uv": [0, 0, 1, 16], "texture": "#front", "cullface": "north"},
				"west": {"uv": [0, 0, 0.5, 16], "texture": "#front", "cullface": "north"}
			}
		},
		{
			"from": [1, 0, 0],
			"to": [15, 1, 1],
			"faces": {
				"north": {"uv": [1, 15, 15, 16], "texture": "#front", "cullface": "north"},
				"up": {"uv": [1, 16, 15, 15], "texture": "#front", "cullface": "north"}
			}
		},
		{
			"from": [1, 15, 0],
			"to": [15, 16, 0.5],
			"faces": {
				"north": {"uv": [1, 0, 15, 1], "texture": "#front", "cullface": "north"},
				"down": {"uv": [1, 0.5, 15, 0], "texture": "#front", "cullface": "north"}
			}
		},
		{
			"from": [13, 1, 0.25],
			"to": [15, 7, 1],
			"faces": {
				"north": {"uv": [1, 9, 3, 15], "texture": "#front", "cullface": "north"},
				"south": {"uv": [3, 9, 1, 15], "texture": "#front", "cullface": "north"},
				"west": {"uv": [3, 9, 2, 15], "texture": "#depth", "cullface": "north"},
				"up": {"uv": [1, 9, 3, 9.75], "texture": "#front", "cullface": "north"}
			}
		},
		{
			"from": [1, 1, 0.25],
			"to": [3, 7, 1],
			"faces": {
				"north": {"uv": [13, 9, 15, 15], "texture": "#front", "cullface": "north"},
				"east": {"uv": [14, 9, 13, 15], "texture": "#depth", "cullface": "north"},
				"south": {"uv": [15, 9, 13, 15], "texture": "#front", "cullface": "north"},
				"up": {"uv": [13, 9, 15, 9.75], "texture": "#front", "cullface": "north"}
			}
		},
		{
			"from": [13, 7, 0.5],
			"to": [15, 15, 1],
			"faces": {
				"north": {"uv": [1, 1, 3, 9], "texture": "#front", "cullface": "north"},
				"south": {"uv": [3, 1, 1, 9], "texture": "#front", "cullface": "north"},
				"west": {"uv": [3, 1, 2, 9], "texture": "#depth", "cullface": "north"}
			}
		},
		{
			"from": [1, 7, 0.5],
			"to": [3, 15, 1],
			"faces": {
				"north": {"uv": [13, 1, 15, 9], "texture": "#front", "cullface": "north"},
				"east": {"uv": [14, 1, 13, 9], "texture": "#depth", "cullface": "north"},
				"south": {"uv": [15, 1, 13, 9], "texture": "#front", "cullface": "north"}
			}
		},
		{
			"from": [3, 7, 0.5],
			"to": [13, 9, 1],
			"faces": {
				"north": {"uv": [3, 7, 13, 9], "texture": "#front", "cullface": "north"},
				"south": {"uv": [13, 7, 3, 9], "texture": "#front", "cullface": "north"},
				"up": {"uv": [13, 7, 3, 8], "texture": "#depth", "cullface": "north"}
			}
		},
		{
			"from": [3, 13, 0.5],
			"to": [13, 15, 1],
			"faces": {
				"north": {"uv": [3, 1, 13, 3], "texture": "#front", "cullface": "north"},
				"south": {"uv": [13, 1, 3, 3], "texture": "#front", "cullface": "north"},
				"down": {"uv": [13, 3, 3, 2], "texture": "#depth", "cullface": "north"}
			}
		},
		{
			"from": [11.585, 11.5858, 0.505],
			"to": [14.41343, 13, 0.995],
			"rotation": {"angle": -45, "axis": "z", "origin": [13, 13, 0]},
			"faces": {
				"north": {"uv": [3, 3, 7, 5], "texture": "#front", "cullface": "north"},
				"south": {"uv": [7, 3, 3, 5], "texture": "#front", "cullface": "north"},
				"down": {"uv": [3, 5, 7, 6], "rotation": 180, "texture": "#front", "cullface": "north"}
			}
		},
		{
			"from": [3, 11.585, 0.505],
			"to": [4.4142, 14.41343, 0.995],
			"rotation": {"angle": -45, "axis": "z", "origin": [3, 13, 0]},
			"faces": {
				"north": {"uv": [9, 3, 13, 5], "rotation": 90, "texture": "#front", "cullface": "north"},
				"east": {"uv": [9, 5, 13, 6], "rotation": 90, "texture": "#front", "cullface": "north"},
				"south": {"uv": [13, 3, 9, 5], "rotation": 270, "texture": "#front", "cullface": "north"}
			}
		},
		{
			"from": [11.585, 3.5858, 0.255],
			"to": [14.41343, 5, 0.995],
			"rotation": {"angle": -45, "axis": "z", "origin": [13, 5, 0]},
			"faces": {
				"north": {"uv": [3, 11, 7, 13], "texture": "#front", "cullface": "north"},
				"south": {"uv": [7, 11, 3, 13], "texture": "#front", "cullface": "north"},
				"down": {"uv": [3, 13, 7, 14], "rotation": 180, "texture": "#front", "cullface": "north"}
			}
		},
		{
			"from": [3, 3.585, 0.255],
			"to": [4.4142, 6.41343, 0.995],
			"rotation": {"angle": -45, "axis": "z", "origin": [3, 5, 0]},
			"faces": {
				"north": {"uv": [9, 11, 13, 13], "rotation": 90, "texture": "#front", "cullface": "north"},
				"east": {"uv": [9, 13, 13, 14], "rotation": 90, "texture": "#front", "cullface": "north"},
				"south": {"uv": [13, 11, 9, 13], "rotation": 270, "texture": "#front", "cullface": "north"}
			}
		},
		{
			"from": [3, 5, 0.25],
			"to": [13, 7, 1],
			"rotation": {"angle": 0, "axis": "y", "origin": [8, 8, 9]},
			"faces": {
				"north": {"uv": [3, 9, 13, 11], "texture": "#front", "cullface": "north"},
				"south": {"uv": [13, 9, 3, 11], "texture": "#front", "cullface": "north"},
				"up": {"uv": [13, 9, 3, 9.75], "texture": "#front", "cullface": "north"},
				"down": {"uv": [13, 10, 3, 11], "texture": "#depth", "cullface": "north"}
			}
		},
		{
			"from": [2, 8, 1],
			"to": [14, 9, 13],
			"faces": {
				"up": {"uv": [0, 6.25, 3, 9.25], "rotation": 180, "texture": "#interior", "cullface": "north"},
				"down": {"uv": [9, 6.25, 6, 9.25], "texture": "#interior", "cullface": "north"}
			}
		},
		{
			"from": [14, 1, 1],
			"to": [14, 14, 13],
			"faces": {
				"west": {"uv": [0, 3, 3, 6.25], "texture": "#interior", "cullface": "north"}
			}
		},
		{
			"from": [2, 1, 1],
			"to": [2, 14, 13],
			"faces": {
				"east": {"uv": [6, 3, 9, 6.25], "texture": "#interior", "cullface": "north"}
			}
		},
		{
			"from": [2, 14, 1],
			"to": [14, 14, 13],
			"faces": {
				"down": {"uv": [3, 0, 6, 3], "rotation": 180, "texture": "#interior", "cullface": "north"}
			}
		},
		{
			"from": [2, 1, 13],
			"to": [14, 14, 13],
			"faces": {
				"north": {"uv": [3, 3, 6, 6.25], "texture": "#interior", "cullface": "north"}
			}
		},
		{
			"from": [2, 1, 1],
			"to": [14, 1, 13],
			"faces": {
				"up": {"uv": [3, 6.25, 6, 9.25], "rotation": 180, "texture": "#interior", "cullface": "north"}
			}
		},
		{
			"from": [4.71875, 2, 3.625],
			"to": [6.71875, 3, 8.625],
			"rotation": {"angle": -22.5, "axis": "y", "origin": [8.71875, 8, 6.625]},
			"faces": {
				"north": {"uv": [9.25, 1.5, 9.75, 1.75], "texture": "#interior", "cullface": "north"},
				"east": {"uv": [9, 0.25, 9.25, 1.5], "rotation": 270, "texture": "#interior", "cullface": "north"},
				"south": {"uv": [9.25, 0, 9.75, 0.25], "rotation": 180, "texture": "#interior", "cullface": "north"},
				"west": {"uv": [9.75, 0.25, 10, 1.5], "rotation": 90, "texture": "#interior", "cullface": "north"},
				"up": {"uv": [9.25, 0.25, 9.75, 1.5], "rotation": 180, "texture": "#interior", "cullface": "north"},
				"down": {"uv": [9.75, 0.25, 9.25, 1.5], "texture": "#interior", "cullface": "north"}
			}
		},
		{
			"from": [9.71875, 2, 4.28125],
			"to": [11.71875, 3, 9.28125],
			"rotation": {"angle": 45, "axis": "y", "origin": [8.71875, 8, 6.625]},
			"faces": {
				"north": {"uv": [9.25, 1.5, 9.75, 1.75], "texture": "#interior", "cullface": "north"},
				"east": {"uv": [9, 0.25, 9.25, 1.5], "rotation": 270, "texture": "#interior", "cullface": "north"},
				"south": {"uv": [9.25, 0, 9.75, 0.25], "rotation": 180, "texture": "#interior", "cullface": "north"},
				"west": {"uv": [9.75, 0.25, 10, 1.5], "rotation": 90, "texture": "#interior", "cullface": "north"},
				"up": {"uv": [9.25, 0.25, 9.75, 1.5], "rotation": 180, "texture": "#interior", "cullface": "north"},
				"down": {"uv": [9.75, 0.25, 9.25, 1.5], "texture": "#interior", "cullface": "north"}
			}
		},
		{
			"from": [5.71875, 1, 1.625],
			"to": [7.71875, 2, 6.625],
			"rotation": {"angle": 22.5, "axis": "y", "origin": [8.71875, 8, 6.625]},
			"faces": {
				"north": {"uv": [9.25, 1.5, 9.75, 1.75], "texture": "#interior", "cullface": "north"},
				"east": {"uv": [9, 0.25, 9.25, 1.5], "rotation": 270, "texture": "#interior", "cullface": "north"},
				"south": {"uv": [9.25, 0, 9.75, 0.25], "rotation": 180, "texture": "#interior", "cullface": "north"},
				"west": {"uv": [9.75, 0.25, 10, 1.5], "rotation": 90, "texture": "#interior", "cullface": "north"},
				"up": {"uv": [9.25, 0.25, 9.75, 1.5], "rotation": 180, "texture": "#interior", "cullface": "north"}
			}
		},
		{
			"from": [8.125, 1, 1.90625],
			"to": [10.125, 2, 6.90625],
			"rotation": {"angle": -22.5, "axis": "y", "origin": [8.71875, 8, 6.625]},
			"faces": {
				"north": {"uv": [9.25, 1.5, 9.75, 1.75], "texture": "#interior", "cullface": "north"},
				"east": {"uv": [9, 0.25, 9.25, 1.5], "rotation": 270, "texture": "#interior", "cullface": "north"},
				"south": {"uv": [9.25, 0, 9.75, 0.25], "rotation": 180, "texture": "#interior", "cullface": "north"},
				"west": {"uv": [9.75, 0.25, 10, 1.5], "rotation": 90, "texture": "#interior", "cullface": "north"},
				"up": {"uv": [9.25, 0.25, 9.75, 1.5], "rotation": 180, "texture": "#interior", "cullface": "north"}
			}
		}
	]
}